Legal Entity,Regulation Short Name,Regulation Name
Clearstream Europe AG,(EC) 2531/98,Council Regulation (EC) 2531/98 of 23 November 1998 concerning the application of minimum reserves by the European Central Bank
Clearstream Europe AG,(EC) 2533/98,Council Regulation (EC) No 2533/98 of 23 November 1998 concerning the collection of statistical information by the European Central Bank
Clearstream Europe AG,(EU) 101/2011,"Council Regulation (EU) No 101/2011 of 4 February 2011 concerning restrictive measures directed against certain persons, entities and bodies in view of the situation in Tunisia (Tunisia Sanctions Regime)"
Clearstream Europe AG,(EU) 1011/2012,Regulation (EU) No 1011/2012 of the European Central Bank of 17 October 2012 concerning statistics on holdings of securities (ECB/2012/24)
Clearstream Europe AG,(EU) 1163/2014,Regulation (EU) No 1163/2014 of the European Central Bank of 22 October 2014 on supervisory fees (ECB/2014/41)
Clearstream Europe AG,(EU) 1183/2005,Council Regulation (EC) No 1183/2005 of 18 July 2005 imposing certain specific restrictive measures directed against persons acting in violation of the arms embargo with regard to the Democratic Republic of the Congo (Democratic Republic of Congo Sanctions Regime)
Clearstream Europe AG,(EU) 1187/2014,Commission Delegated Regulation (EU) No 1187/2014 of 2 October 2014 supplementing Regulation (EU) No 575/2013 of the European Parliament and of the Council as regards regulatory technical standards for determining the overall exposure to a client or a group of connected clients in respect of transactions with underlying assets
Clearstream Europe AG,(EU) 1210/2003,Council Regulation (EC) No 1210/2003 of 7 July 2003 concerning certain specific restrictions on economic and financial relations with Iraq and repealing Regulation (EC) No 2465/96 (Iraq Sanctions Regime)
Clearstream Europe AG,(EU) 1284/2009,Council Regulation (EU) No 1284/2009 of 22 December 2009 imposing certain specific restrictive measures in respect of the Republic of Guinea (Guinea Sanctions Regime)
Clearstream Europe AG,(EU) 1333/2014,Regulation (EU) No 1333/2014 of the European Central Bank of 26 November 2014 concerning statistics on the money markets
Clearstream Europe AG,(EU) 1352/2014,Council Regulation (EU) No 1352/2014 of 18 December 2014 concerning restrictive measures in view of the situation in Yemen (Yemen Sanctions Regime)
Clearstream Europe AG,(EU) 1412/2006,Council Regulation (EC) No 1412/2006 of 25 September 2006 concerning certain restrictive measures in respect of Lebanon (Lebanon Sanctions Regime)
Clearstream Europe AG,(EU) 147/2003,Council Regulation (EC) No 147/2003 of 27 January 2003 concerning certain restrictive measures in respect of Somalia (Somalia Sanctions Regime)
Clearstream Europe AG,(EU) 2015/1755,Council Regulation (EU) 2015/1755 of 1 October 2015 concerning restrictive measures in view of the situation in Burundi (Burundi Sanctions Regime)
Clearstream Europe AG,(EU) 2015/2197,Commission Implementing Regulation (EU) 2015/2197 of 27 November 2015 laying down implementing technical standards with regard to closely correlated currencies in accordance with Regulation (EU) No 575/2013 of the European Parliament and of the Council
Clearstream Europe AG,(EU) 2015/2365 (SFTR),Regulation (EU) 2015/2365 of the European Parliament and of the Council of 25 November 2015 on transparency of securities financing transactions and of reuse and amending Regulation (EU) No 648/2012 (SFTR)
Clearstream Europe AG,(EU) 2015/534,Regulation (EU) 2015/534 of the European Central Bank of 17 March 2015 on reporting of supervisory financial information
Clearstream Europe AG,(EU) 2015/61,Commission Delegated Regulation (EU) 2015/61 of 10 October 2014 to supplement Regulation (EU) No 575/2013 of the European Parliament and the Council with regard to liquidity coverage requirement for Credit Institutions
Clearstream Europe AG,(EU) 2015/63,Commission Delegated Regulation (EU) 2015/63 of 21 October 2014 supplementing Directive 2014/59/EU of the European Parliament and of the Council with regard to ex ante contributions to resolution financing arrangements
Clearstream Europe AG,(EU) 2015/735,"Council Regulation (EU) 2015/735 of 7 May 2015 concerning restrictive measures in respect of the situation in South Sudan, and repealing Regulation (EU) No 748/2014 (South Sudan Sanctions Regime)"
Clearstream Europe AG,(EU) 2015/849,"Directive (EU) 2015/849 of the European Parliament and of the Council of 20 May 2015 on the prevention of the use of the financial system for the purposes of money laundering or terrorist financing, amending Regulation (EU) No 648/2012 of the European Parliament and of the Council, and repealing Directive 2005/60/EC of the European Parliament and of the Council and Commission Directive 2006/70/EC"
Clearstream Europe AG,(EU) 2016/1055,Commission Implementing Regulation (EU) 2016/1055 of 29 June 2016 laying down implementing technical standards with regard to the technical means for appropriate public disclosure of inside information and for delaying the public disclosure of inside information in accordance with Regulation (EU) No 596/2014 of the European Parliament and of the Council
Clearstream Europe AG,(EU) 2016/1075,"Commission Delegated Regulation (EU) 2016/1075 of 23 March 2016 supplementing Directive 2014/59/EU of the European Parltime and of the Council with regard to regulatory technical standards specifying the content of recovery plans, resolution plans and group resolution plans, the minimum criteria that the competent authority is to assess as regards recovery plans and group recovery plans, the conditions for group financial support, the requirements for independent valuers, the contractual recognition of write-down and conversion powers, the procedures and contents of notification requirements and of notice of suspension and the operational functioning of the resolution colleges"
Clearstream Europe AG,(EU) 2016/1400,Commission Delegated Regulation (EU) 2016/1400 of 10 May 2016 supplementing Directive 2014/59/EU of the European Parliament and of the Council with regard to regulatory technical standards specifying the minimum elements of a business reorganisation plan and the minimum contents of the reports on the progress in the implementation of the plan
Clearstream Europe AG,(EU) 2016/1450,Commission Delegated Regulation (EU) 2016/1450 of 23 May 2016 supplementing Directive 2014/59/EU of the European Parliament and of the Council with regard to regulatory technical standards specifying the criteria relating to the methodology for setting the minimum requirement for own funds and eligible liabilities
Clearstream Europe AG,(EU) 2016/1675,Commission Delegated Regulation (EU) 2016/1675 of 14 July 2016 supplementing Directive (EU) 2015/849 of the European Parliament and of the Council by identifying high-risk third countries with strategic deficiencies
Clearstream Europe AG,(EU) 2016/1686,"Regulation (EU) 2016/1686 of 20 September 2016 imposing additional restrictive measures directed against ISIL (Da'esh) and Al-Qaeda and natural and legal persons, entities or bodies associated with them (Al-Qaida / ISIL (Da‘esh) Sanctions Regime)"
Clearstream Europe AG,(EU) 2016/1712,Commission Delegated Regulation (EU) 2016/1712 of 7 June 2016 supplementing Directive 2014/59/EU of the European Parliament and of the Council establishing a framework for the recovery and resolution of credit institutions and investment firms with regard to regulatory technical standards specifying a minimum set of the information on financial contracts that should be contained in the detailed records and the circumstances in which the requirement should be imposed
Clearstream Europe AG,(EU) 2016/1799,Regulation (EU) 2016/1799 of 7 October 2016 laying down implementing technical standards with regard to the mapping of credit assessments of external credit assessment institutions for credit risk in accordance with Articles 136(1) and 136(3) of Regulation (EU) No 575/2013 (CRR)
Clearstream Europe AG,(EU) 2016/44,Council Regulation (EU) 2016/44 of 18 January 2016 concerning restrictive measures in view of the situation in Libya and repealing Regulation (EU) No 204/2011 (Libya Sanctions Regime)
Clearstream Europe AG,(EU) 2016/522,"Commission Delegated Regulation (EU) 2016/522 supplementing Regulation (EU) No 596/2014 as regards an exemption for certain third countries public bodies and central banks, the indicators of market manipulation, the disclosure thresholds, the competent authority for notifications of delays, the permission for trading during closed periods and types of notifiable managers' Transactions"
Clearstream Europe AG,(EU) 2016/523,Commission Implementing Regulation (EU) 2016/523 of 10 March 2016 laying down implementing technical standards with regard to the format and template for notification and public disclosure of managers' transactions in accordance with Regulation (EU) No 596/2014 of the European Parliament and of the Council
Clearstream Europe AG,(EU) 2016/679 (GDPR),"Regulation (EU) 2016/679 of the European Parliament and of the Council of 27 April 2016 on the protection of natural persons with regard to the processing of personal data and on the free movement of such data, and repealing Directive 95/46/EC (GDPR)"
Clearstream Europe AG,(EU) 2016/778,"Commission Delegated Regulation (EU) 2016/778 of 2 February 2016 supplementing Directive 2014/59/EU of the European Parliament and of the Council with regard to the circumstances and conditions under which the payment of extraordinary ex post contributions may be partially or entirely deferred, and on the criteria for the determination of the activities, services and operations with regard to critical functions, and for the determination of the business lines and associated services with regard to core business lines"
Clearstream Europe AG,(EU) 2016/860,Commission Delegated Regulation (EU) 2016/860 of 4 February 2016 specifying further the circumstances where exclusion from the application of write-down or conversion powers is necessary under Article 44(3) of Directive 2014/59/EU of the European Parliament and of the Council establishing a framework for the recovery and resolution of credit institutions and investment firms
Clearstream Europe AG,(EU) 2016/867,Regulation (EU) 2016/867 of the European Central Bank of 18 May 2016 on the collection of granular credit and credit risk data (ECB/2016/13)
Clearstream Europe AG,(EU) 2016/911,Commission Implementing Regulation (EU) 2016/911 of 9 June 2016 laying down implementing technical standards with regard to the form and the content of the description of group financial support agreements in accordance with Directive 2014/59/EU of the European Parliament and of the Council establishing a framework for the recovery and resolution of credit institutions and investment firms
Clearstream Europe AG,(EU) 2016/957,"Commission Delegated Regulation (EU) 2016/957 of 9 March 2016 supplementing Regulation (EU) No 596/2014 of the European Parliament and of the Council with regard to regulatory technical standards for the appropriate arrangements, systems and procedures as well as notification templates to be used for preventing, detecting and reporting abusive practices or suspicious orders or transactions"
Clearstream Europe AG,(EU) 2017/1509,Council Regulation (EU) 2017/1509 of 30 August 2017 concerning restrictive measures against the Democratic People's Republic of Korea and repealing Regulation (EC) No 329/2007 (Democratic People's Republic of Korea Sanctions Regime)
Clearstream Europe AG,(EU) 2017/1538,Regulation (EU) 2017/1538 of the European Central Bank of 25 August 2017 amending Regulation (EU) 2015/534 on reporting of supervisory financial information
Clearstream Europe AG,(EU) 2017/1539,Regulation (EU) 2017/1539 of the European Central Bank of 25 August 2017 laying down the date of application of Regulation (EU) 2017/1538 amending Regulation (EU) 2015/534 on reporting of supervisory financial information (ECB/2017/25) to less significant supervised entities which are subject to national accounting frameworks (ECB/2017/26)
Clearstream Europe AG,(EU) 2017/1770,Council Regulation (EU) 2017/1770 of 28 September 2017 concerning restrictive measures in view of the situation in Mali (Mali Sanctions Regime)
Clearstream Europe AG,(EU) 2017/2063,Council Regulation (EU) 2017/2063 of 13 November 2017 concerning restrictive measures in view of the situation in Venezuela (Venezuela Sanctions Regime)
Clearstream Europe AG,(EU) 2017/2361,Commission Delegated Regulation (EU) No 2017/2361 of 14 September 2017 on the final system of contributions to the administrative expenditures of the Single Resolution Board
Clearstream Europe AG,(EU) 2017/389,Commission Delegated Regulation (EU) 2017/389 of 11 November 2016 supplementing Regulation (EU) No 909/2014 of the European Parliament and of the Council as regards the parameters for the calculation of cash penalties for settlement fails and the operations of CSDs in host Member States
Clearstream Europe AG,(EU) 2017/565,Commission Delegated Regulation (EU) 2017/565 of 25 April 2016 supplementing Directive 2014/65/EU of the European Parliament and of the Council as regards organisational requirements and operating conditions for investment firms and defined terms for the purposes of that Directive
Clearstream Europe AG,(EU) 2017/584,Commission Delegated Regulation (EU) 2017/584 of 14 July 2016 supplementing Directive 2014/65/EU of the European Parliament and of the Council with regard to regulatory technical standards specifying organisational requirements of trading venues
Clearstream Europe AG,(EU) 2017/747,"Commission Delegated Regulation (EU) 2017/747 of 17 December 2015 supplementing Regulation (EU) No 806/2014 of the European Parliament and the Council with regard to the criteria relating to the calculation of ex ante contributions, and on the circumstances and conditions under which the payment of extraordinary ex post contributions may be partially or entirely deferred"
Clearstream Europe AG,(EU) 2017/867,Commission Delegated Regulation (EU) 2017/867 of 7 February 2017 on classes of arrangements to be protected in a partial property transfer under Article 76 of Directive 2014/59/EU of the European Parliament and of the Council
Clearstream Europe AG,(EU) 2018/1212,"Implementing Regulation (EU) 2018/1212 of 3 September 2018 laying down minimum requirements implementing the provisions of Directive 2007/36/EC of the European Parliament and of the Council as regards shareholder identification, the transmission of information and the facilitation of the exercise of shareholders rights"
Clearstream Europe AG,(EU) 2018/1542,Council Regulation (EU) 2018/1542 of 15 October 2018 concerning restrictive measures against the proliferation and use of chemical weapons (Chemical Weapon Sanctions Regime)
Clearstream Europe AG,(EU) 2019/1716,Council Regulation (EU) 2019/1716 of 14 October 2019 concerning restrictive measures in view of the situation in Nicaragua (Nicaragua Sanctions Regime)
Clearstream Europe AG,(EU) 2019/1890,Council Regulation (EU) 2019/1890 of 11 November 2019 concerning restrictive measures in view of Turkey’s unauthorised drilling activities in the Eastern Mediterranean (Turkey Sanctions Regime)
Clearstream Europe AG,(EU) 2019/2158,Decision (EU) 2019/2158 of the European Central Bank of 5 December 2019 on the methodology and procedures for the determination and collection of data regarding fee factors used to calculate annual supervisory fees (ECB/2019/38) (replacing 2015/530)
Clearstream Europe AG,(EU) 2019/758,Commission Delegated Regulation (EU) 2019/758 of 31 January 2019 supplementing Directive (EU) 2015/849 of the European Parliament and of the Council with regard to regulatory technical standards for the minimum action and the type of additional measures credit and financial institutions must take to mitigate money laundering and terrorist financing risk in certain third countries (4. EU Geldwäscherichtlinie- Drittländer)
Clearstream Europe AG,(EU) 2019/796,Council Regulation (EU) 2019/796 of 17 May 2019 concerning restrictive measures against cyber-attacks threatening the Union or its Member States (Cyber Attacks Sanctions Regime)
Clearstream Europe AG,(EU) 2019/878,"Directive (EU) 2019/878 of the European Parliament and of the Council of 20 May 2019 amending Directive 2013/36/EU as regards exempted entities, financial holding companies, mixed financial holding companies, remuneration, supervisory measures and powers and capital conservation measures (CRD V)"
Clearstream Europe AG,(EU) 2019/879,Directive (EU) 2019/879 of the European Parliament and of the Council of 20 May 2019 amending Directive 2014/59/EU as regards the loss-absorbing and recapitalisation capacity of credit institutions and investment firms and Directive 98/26/EC (BRRD II)
Clearstream Europe AG,(EU) 2020/1998,Council Regulation (EU) 2020/1998 of 7 December 2020 concerning restrictive measures against serious human rights violations and abuses (Human Rights Violations Sanctions Regime)
Clearstream Europe AG,(EU) 2020/605,Regulation (EU) 2020/605 of the European Central Bank of 9 April 2020 amending Regulation (EU) 2015/534 on reporting of supervisory financial information (ECB/2020/22)
Clearstream Europe AG,(EU) 2021/1275,Council Regulation (EU) 2021/1275 of 30 July 2021 concerning restrictive measures in view of the situation in Lebanon (Lebanon Sanctions Regime)
Clearstream Europe AG,(EU) 2021/379,Regulation (EU) 2021/379 of the European Central Bank of 22 January 2021 on the balance sheet items of credit institutions and of the monetary financial institutions sector
Clearstream Europe AG,(EU) 2021/763,Commission Implementing Regulation (EU) 2021/763 of 23 April 2021 laying down implementing technical standards for the application of Regulation (EU) No 575/2013 of the European Parliament and of the Council and Directive 2014/59/EU of the European Parliament and of the Council with regard to the supervisory reporting and public disclosure of the minimum requirement for own funds and eligible liabilities
Clearstream Europe AG,(EU) 2021/914,Commission Implementing Decision (EU) 2021/914 of 4 June 2021 on standard contractual clauses for the transfer of personal data to third countries pursuant to Regulation (EU) 2016/679 of the European Parliament and of the Council
Clearstream Europe AG,(EU) 2021/915,Commission Implementing Decision (EU) 2021/915 of 4 June 2021 on standard contractual clauses between controllers and processors under Article 28(7) of Regulation (EU) 2016/679 of the European Parliament and of the Council and Article 29(7) of Regulation (EU) 2018/1725 of the European Parliament and of the Council
Clearstream Europe AG,(EU) 2021/923,"Commission Delegated Regulation (EU) 2021/923 setting out the criteria to define managerial responsibility, control functions, material business units and a significant impact on a material business unit’s risk profile, and setting out criteria for identifying staff members or categories of staff whose professional activities have an impact on the institution’s risk profile that is comparably as material as that of staff members or categories of staff"
Clearstream Europe AG,(EU) 2021/931,"Regulation (EU) 2021/931 of 1 March 2021 supplementing Regulation (EU) No 575/2013 of the European Parliament and of the Council with regard to regulatory technical standards specifying the method for identifying derivative transactions with one or more than one material risk driver for the purposes of Article 277(5), the formula for calculating the supervisory delta of call and put options mapped to the interest rate risk category and the method for determining whether a transaction is a long or short position in the primary risk driver or in the most material risk driver in the given risk category for the purposes of Article 279a(3)(a) and (b) in the standardised approach for counterparty credit risk"
Clearstream Europe AG,(EU) 2022/2309,Council Regulation (EU) 2022/2309 of 25 November 2022 concerning restrictive measures in view of the situation in HaitI (Haiti Sanctions Regime)
Clearstream Europe AG,(EU) 2022/2554 (DORA),"REGULATION (EU) 2022/2554 OF THE EUROPEAN PARLIAMENT AND OF THE COUNCIL of 14 December 2022 on digital operational resilience for the financial sector and amending Regulations (EC) No 1060/2009, (EU) No 648/2012, (EU) No 600/2014, (EU) No 909/2014 and (EU) 2016/1011 [Digital Operational Resilience Act (DORA)]"
Clearstream Europe AG,(EU) 2022/263,"Council Regulation (EU) 2022/263 of 23 February 2022 concerning restrictive measures in response to the recognition of the non-government controlled areas of the Donetsk and Luhansk oblasts of Ukraine and the ordering of Russian armed forces into those areas (Russia Sanctions Regime - Restrictive measures in response to the illegal recognition, occupation, or annexation by the Russian Federation of certain Ukrainian territories not controlled by the government (""Basic Regulation"": Regulation (EU) 2022/263)"
Clearstream Europe AG,(EU) 2023/1219,Commission Delegated Regulation (EU) 2023/1219 of 17 May 2023 amending Delegated Regulation (EU) 2016/1675 as regards adding Nigeria and South Africa to the table in point I of the Annex and deleting Cambodia and Morocco from that table
Clearstream Europe AG,(EU) 2023/1529,Council Regulation (EU) 2023/1529 of 20 July 2023 concerning restrictive measures in view of Iran’s military support of Russia’s war of aggression against Ukraine
Clearstream Europe AG,(EU) 2023/1577,Commission Delegated Regulation (EU) 2023/1577 of 20 April 2023 supplementing Regulation (EU) No 575/2013 of the European Parliament and of the Council with regard to regulatory technical standards on the calculation of the own funds requirements for market risk for non-trading book positions subject to foreign exchange risk or commodity risk and the treatment of those positions for the purposes of the regulatory back-testing requirements and the profit and loss attribution requirement under the alternative internal model approach
Clearstream Europe AG,(EU) 2023/1795,Commission Implementing Decision EU 2023/1795 of 10 July 2023 pursuant to Regulation (EU) 2016/679 of the European Parliament and of the Council on the adequate level of protection of personal data under the EU-US Data Privacy Framework
Clearstream Europe AG,(EU) 2023/2070,Commission Delegated Regulation (EU) 2023/2070 of 18 August 2023 amending Delegated Regulation (EU) 2016/1675 to add Cameroon and Vietnam to the list of high-risk third countries
Clearstream Europe AG,(EU) 2023/2147,Council Regulation (EU) 2023/2147 of 9 October 2023 concerning restrictive measures in view of activities undermining the stability and political transition of Sudan
Clearstream Europe AG,(EU) 2023/2406,Council Regulation (EU) 2023/2406 of 23 October 2023 concerning restrictive measures in view of the situation in Niger
Clearstream Europe AG,(EU) 2023/410,"Commission Delegated Regulation (EU) 2023/410 of 19 December 2022 amending Delegated Regulation (EU) 2016/1675 as regards adding the Democratic Republic of the Congo, Gibraltar, Mozambique, Tanzania and the United Arab Emirates to Table I of the Annex to Delegated Regulation (EU) 2016/1675"
Clearstream Europe AG,(EU) 2023/662,Comission Delegated Regulation (EU) 2023/662 of 20 January 2023 amending Delegated Regulation (EU) 2015/63 as regards the methodology for the calculation of liabilities arising from derivatives
Clearstream Europe AG,(EU) 2023/827,Commission Delegated Regulation (EU) 2023/827 of 11 October 2022 laying down regulatory technical standards amending Delegated Regulation (EU) No 241/2014 as regards the prior permission to reduce own funds and the requirements related to eligible liabilities instruments
Clearstream Europe AG,(EU) 2023/888,Council Regulation (EU) 2023/888 of 28 April 2023 concerning restrictive measures in view of actions destabilising the Republic of Moldova (Moldovan Sanctions Regime- Restrictive measures against individuals with Moldovan or Russian nationality that have engaged in destabilising activities)
Clearstream Europe AG,(EU) 2024/1485,Regulation (EU) 2024/1485 of 27 May 2024 concerning restrictive measures in view of the situation in Russia
Clearstream Europe AG,(EU) 2024/1673,Regulation (EU) 2024/1673 of 6 June 2024 laying down rules for the application of Council Regulation (EU) No 833/2014 as regards reporting and the implementation of revenue operations for the financial contribution due to the Union
Clearstream Europe AG,(EU) 2024/1728,Regulation (EU) 2024/1728 of 6 December 2023 supplementing Regulation (EU) No 575/2013 (CRR) of the European Parliament and of the Council with regard to regulatory technical standards specifying in which circumstances the conditions for identifying groups of connected clients are met
Clearstream Europe AG,(EU) 2024/1772,"Regulation (EU) 2024/1772 of 13 March 2024 supplementing Regulation (EU) 2022/2554 of the European Parliament and of the Council with regard to regulatory technical standards specifying the criteria for the classification of ICT-related incidents and cyber threats, setting out materiality thresholds and specifying the details of reports of major incidents."
Clearstream Europe AG,(EU) 2024/1773,Regulation (EU) 2024/1773 of 13 March 2024 supplementing Regulation (EU) 2022/2554 of the European Parliament and of the Council with regard to regulatory technical standards specifying the detailed content of the policy regarding contractual arrangements on the use of ICT services supporting critical or important functions provided by ICT third-party service providers
Clearstream Europe AG,(EU) 2024/1774,"Regulation (EU) 2024/1774 of 13 March 2024 supplementing Regulation (EU) 2022/2554 of the European Parliament and of the Council with regard to regulatory technical standards specifying ICT risk management tools, methods, processes, and policies and the simplified ICT risk management framework"
Clearstream Europe AG,(EU) 2024/1820,COMMISSION IMPLEMENTING REGULATION (EU) 2024/1820 of 1 July 2024 amending the implementing technical standards laid down in Implementing Regulation (EU) 2016/1800 as regards the mapping tables specifying the allocation of credit assessments of external credit assessment institutions to an objective scale of credit quality steps in accordance with Directive 2009/138/EC of the European Parliament and of the Council
Clearstream Europe AG,(EU) 2024/2642,Regulation (EU) 2024/2642 of 8 October 2024 concerning restrictive measures in view of Russia’s destabilizing activities
Clearstream Europe AG,(EU) 2024/287,Council Regulation (EU) 2024/287 of 12 January 2024 concerning restrictive measures in view of the situation in Guatemala
Clearstream Europe AG,(EU) 2024/2956,Regulation (EU) 2024/2956 of 29 November 2024 laying down implementing technical standards for the application of Regulation (EU) 2022/2554 (DORA) of the European Parliament and of the Council with regard to standard templates for the register of information
Clearstream Europe AG,(EU) 2024/3117,Regulation (EU) 2024/3117 of 29 November 2024 laying down implementing technical standards for the application of Regulation (EU) No 575/2013 (CRR) of the European Parliament and of the Council with regard to supervisory reporting of institutions and repealing Commission Implementing Regulation (EU) 2021/451
Clearstream Europe AG,(EU) 2024/3172,"Regulation (EU) 2024/3172 of 29 November 2024 laying down implementing technical standards for the application of Regulation (EU) No 575/2013 of the European Parliament and of the Council with regard to public disclosures by institutions of the information referred to in Part Eight, Titles II and III, of that Regulation, and repealing Commission Implementing Regulation (EU) 2021/637"
Clearstream Europe AG,(EU) 2024/386,"Regulation (EU) 2024/386 of 19 January 2024 establishing restrictive measures against Hamas and Palestinian Islamic Jihad and those who support, facilitate or enable their violent actions"
Clearstream Europe AG,(EU) 2024/856,"Regulation (EU) 2024/856 of 1 December 2023 supplementing Directive 2013/36/EU of the European Parliament and of the Council with regard to regulatory technical standards specifying the supervisory shock scenarios, the common modelling and parametric assumptions and what constitutes a large decline"
Clearstream Europe AG,(EU) 2024/857,Regulation (EU) 2024/857 of 1 December 2023 supplementing Directive 2013/36/EU of the European Parliament and of the Council with regard to regulatory technical standards specifying a standardised methodology and a simplified standardised methodology to evaluate the risks arising from potential changes in interest rates that affect both the economic value of equity and the net interest income of an institution’s non-trading book activities
Clearstream Europe AG,(EU) 2025/1190,"Regulation (EU) 2025/1190 of 13 February 2025 supplementing Regulation (EU) 2022/2554 of the European Parliament and of the Council with regard to regulatory technical standards specifying the criteria used for identifying financial entities required to perform threat-led penetration testing, the requirements and standards governing the use of internal testers, the requirements in relation to the scope, testing methodology and approach for each phase of the testing, results, closure and remediation stages and the type of supervisory and other relevant cooperation needed for the implementation of TLPT and for the facilitation of mutual recognition."
Clearstream Europe AG,(EU) 2025/2303,"Regulation (EU) 2025/2303 of 14 November 2025 laying down implementing technical standards with regard to procedures, standard forms and templates for the provision of information for the purposes of resolution plans for credit institutions and investment firms pursuant to Directive 2014/59/EU of the European Parliament and of the Council, and repealing Commission Implementing Regulation (EU) 2018/1624"
Clearstream Europe AG,(EU) 2025/2600,Council Regulation (EU) 2025/2600 of 12 December 2025 on emergency measures addressing the serious economic difficulties caused by Russia’s actions in the context of the war of aggression against Ukraine.
Clearstream Europe AG,(EU) 2025/301,"Regulation (EU) 2025/301 of 23 October 2024 supplementing Regulation (EU) 2022/2554 (DORA) of the European Parliament and of the Council with regard to regulatory technical standards specifying the content and time limits for the initial notification of, and intermediate and final report on, major ICT-related incidents, and the content of the voluntary notification for significant cyber threats"
Clearstream Europe AG,(EU) 2025/302,"Regulation (EU) 2025/302 of 23 October 2024 laying down implementing technical standards for the application of Regulation (EU) 2022/2554 (DORA) of the European Parliament and of the Council with regard to the standard forms, templates, and procedures for financial entities to report a major ICT-related incident and to notify a significant cyber threat"
Clearstream Europe AG,(EU) 2025/532,Regulation (EU) 2025/532 of 24 March 2025 supplementing Regulation (EU) 2022/2554 of the European Parliament and of the Council with regard to regulatory technical standards specifying the elements that a financial entity has to determine and assess when subcontracting ICT services supporting critical or important functions
Clearstream Europe AG,(EU) 2026/1291,"Regulation (EU) 2026/1291 of 12 June 2026 laying down implementing technical standards for the application of Regulation (EU) No 596/2014 (MAR) of the European Parliament and of the Council with regard to the format of insider lists, and repealing Commission Implementing Regulation (EU) 2022/1210"
Clearstream Europe AG,(EU) 2026/261,"Regulation (EU) 2026/261 of the European Parliament and of the Council of 26 January 2026 on phasing out Russian natural gas imports and preparing the phase-out of Russian oil imports, improving monitoring of potential energy dependencies and amending Regulation (EU) 2017/1938"
Clearstream Europe AG,(EU) 208/2014,"Council Regulation (EU) No 208/2014 of 5 March 2014 concerning restrictive measures directed against certain persons, entities and bodies in view of the situation in Ukraine (Russia Sanctions Regime - Restrictive measures related to the situation in Ukraine (""Basic Regulation"": Regulation (EU) No. 208/2014)"
Clearstream Europe AG,(EU) 224/2014,Council Regulation (EU) No 224/2014 of 10 March 2014 concerning restrictive measures in view of the situation in the Central African Republic (Central African Republic Sanctions Regime)
Clearstream Europe AG,(EU) 2271/96,"Council Regulation (EC) No 2271/96 of 22 November 1996 protecting against the effects of the extra-territorial application of legislation adopted by a third country, and actions based thereon or resulting therefrom"
Clearstream Europe AG,(EU) 236/2012,Regulation (EU) No 236/2012 of the European Parliament and of the Council of 14 March 2012 on short selling and certain aspects of credit default swaps
Clearstream Europe AG,(EU) 241/2014,CDR EU 241/2014 - supplementing Regulation (EU) No 575/2013 of the European Parliament and of the Council with regard to regulatory technical standards for Own Funds requirements for institutions
Clearstream Europe AG,(EU) 2580/2001,Council Regulation (EC) No 2580/2001 of 27 December 2001 on specific restrictive measures directed against certain persons and entities with a view to combating terrorism
Clearstream Europe AG,(EU) 267/2012,Council Regulation (EU) No 267/2012 of 23 March 2012 concerning restrictive measures against Iran and repealing Regulation (EU) No 961/2010 (Iran Sanctions Regime)
Clearstream Europe AG,(EU) 269/2014,"Council Regulation (EU) No 269/2014 of 17 March 2014 concerning restrictive measures in respect of actions undermining or threatening the territorial integrity, sovereignty and independence of Ukraine (Russia Sanctions Regime - Restrictive measures in view of the threat to the territorial integrity of Ukraine (Basic Regulation: Regulation (EU) No. 269/2014)."
Clearstream Europe AG,(EU) 305/2006,Council Regulation (EC) No 305/2006 of 21 February 2006 imposing specific restrictive measures against certain persons suspected of involvement in the assassination of former Lebanese Prime Minister Rafiq Hariri (Lebanon Sanctions Regime)
Clearstream Europe AG,(EU) 314/2004,Regulation (EC) No 314/2004 of 19 February 2004 concerning an arms embargo in view of the situation in Zimbabwe (Zimbabwe Sanctions Regime)
Clearstream Europe AG,(EU) 3541/92,"Council Regulation (EEC) No 3541/92 of 7 December 1992 prohibiting the satisfying of Iraqi claims with regard to contracts and transactions, the performance of which was affected by United Nations Security Council Resolution 661 (1990) and related resolutions (Iraq Sanctions Regime)"
Clearstream Europe AG,(EU) 356/2010,"Council Regulation (EU) No 356/2010 of 26 April 2010 imposing certain specific restrictive measures directed against certain natural or legal persons, entities or bodies, in view of the situation in Somali (Somalia Sanctions Regime)"
Clearstream Europe AG,(EU) 359/2011,"Council Regulation (EU) No 359/2011 of 12 April 2011 concerning restrictive measures directed against certain persons, entities and bodies in view of the situation in Iran (Iran Sanctions Regime)"
Clearstream Europe AG,(EU) 36/2012,Council Regulation (EU) No 36/2012 of 18 January 2012 concerning restrictive measures in view of the situation in Syria and repealing Regulation (EU) No 442/2011 (Syria Sanctions Regime)
Clearstream Europe AG,(EU) 377/2012,"Council Regulation (EU) No 377/2012 of 3 May 2012 concerning restrictive measures directed against certain persons, entities and bodies threatening the peace, security or stability of the Republic of Guinea-Bissau (Republic of Guinea-Bissau Sanctions Regime)"
Clearstream Europe AG,(EU) 401/2013,Council Regulation (EU) No 401/2013 of 2 May 2013 concerning restrictive measures in respect of Myanmar/Burma and repealing Regulation (EC) No 194/2008 (Myanmar Sanctions Regime)
Clearstream Europe AG,(EU) 527/2014,Commission Delegated Regulation (EU) No 527/2014 of 12 March 2014 supplementing Directive (EU) No 2013/36/EU of the European Parliament and of the Council with regard to regulatory technical standards specifying the classes of instruments that adequately reflect the credit quality of an institution as a going concern and are appropriate to be used for the purposes of variable remuneration
Clearstream Europe AG,(EU) 575/2013 (CRR),Regulation (EU) No 575/2013 of the European Parliament and of the Council of 26 June 2013 on prudential requirements for credit institutions and investment firms and amending Regulation (EU) No 648/2012 (CRR)
Clearstream Europe AG,(EU) 596/2014 (MAR),"Regulation (EU) No 596/2014 of the European Parliament and of the Council of 16 April 2014 on market abuse (market abuse regulation) and repealing Directive 2003/6/EC of the European Parliament and of the Council and Commission Directives 2003/124/EC, 2003/125/EC and 2004/72/EC (MAR)"
Clearstream Europe AG,(EU) 692/2014,"Council Regulation (EU) No 692/2014 of 23 June 2014 concerning restrictions on the import into the Union of goods originating in Crimea or Sevastopol, in response to the illegal annexation of Crimea and Sevastopol (Russia Sanctions Regime - Restrictive measures in response to the illegal incorporation of Crimea and Sevastopol (Basic Regulation: Regulation (EU) No. 692/2014)."
Clearstream Europe AG,(EU) 710/2014,Commission Delegated Regulation (EU) No 710/2014 of 23 June 2014 laying down implementing technical standards with regard to conditions of application of the joint decision process for institution-specific prudential requirements according to Directive 2013/36/EU of the European Parliament and of the Council
Clearstream Europe AG,(EU) 747/2014,Council Regulation (EU) No 747/2014 of 10 July 2014 concerning restrictive measures in view of the situation in Sudan and repealing Regulations (EC) No 131/2004 and (EC) No 1184/2005 (Sudan Sanctions Regime)
Clearstream Europe AG,(EU) 753/2011,"Council Regulation (EU) No 753/2011 of 1 August 2011 concerning restrictive measures directed against certain individuals, groups, undertakings and entities in view of the situation in Afghanistan (Afghanistan Sanctions Regime)"
Clearstream Europe AG,(EU) 765/2006,Council Regulation (EC) No 765/2006 of 18 May 2006 concerning restrictive measures against President Lukashenko and certain officials of Belarus (Belarus Sanctions Regime)
Clearstream Europe AG,(EU) 806/2014,Regulation (EU) No 806/2014 of the European Parliament and of the Council of 15 July 2014 establishing uniform rules and a uniform procedure for the resolution of credit institutions and certain investment firms in the framework of a Single Resolution Mechanism and a Single Resolution Fund and amending Regulation (EU) No 1093/2010
Clearstream Europe AG,(EU) 833/2014,Council Regulation (EU) No 833/2014 of 31 July 2014 concerning restrictive measures in view of Russia's actions destabilising the situation in Ukraine (Russia Sanctions Regime - Restrictive measures related to Russia's actions that destabilize the situation in Ukraine (Basic Regulation: Regulation (EU) No. 833/2014))
Clearstream Europe AG,(EU) 881/2002,"Council Regulation (EC) No 881/2002 of 27 May 2002 imposing certain specific restrictive measures directed against certain persons and entities associated with Usama bin Laden, the Al-Qaida network and the Taliban, and repealing Council Regulation (EC) No 467/2001 prohibiting the export of certain goods and services to Afghanistan, strengthening the flight ban and extending the freeze of funds and other financial resources in respect of the Taliban of Afghanistan (Al-Qaida / ISIL (Da‘esh) Sanctions Regime)"
Clearstream Europe AG,01/2022 (BA),BaFin Circular on large exposures procedure 2022/01
Clearstream Europe AG,01/2024 (MaResolvability),BaFin Circular 01/2024 (A) - Minimum requirements for resolvability within the scope of resolution planning (MaResolvability)
Clearstream Europe AG,02/2021 (MaBewertung),BaFin Rundschreiben 02/2021 - Mindestanforderungen an Informationssysteme zur Bereitstellung von Informationen für Bewertungen im Rahmen einer Abwicklung (MaBewertung)
Clearstream Europe AG,03/2024 (MaStructural resolution tools),BaFin Circular 03/2024 (A) – Minimum requirements for implementing transfers during a resolution (MaStructural resolution tools)
Clearstream Europe AG,05/2018 (WA) (MaComp),"BaFin Rundschreiben 05/2018 (WA) Mindestanforderungen an die Compliance-Funktion und weitere Verhaltens-, Organisations- und Transparenzpflichten (MaComp) [last updated on 26.09.2024]"
Clearstream Europe AG,06/2018 (WA und BA),BaFin Rundschreiben 06/2018 (WA und BA) - Mindestanforderungen an das Beschwerdemanagement
Clearstream Europe AG,06/2019 (BA),BaFin Rundschreiben 06/2019 (BA) - Zinsänderungsrisiken im Anlagebuch
Clearstream Europe AG,07/2011 (GW),BaFin Rundschreiben 7/2011 (GW) - Verwaltungspraxis zu § 25c Absätze 1 und 9 KWG (sonstige strafbare Handlungen)
Clearstream Europe AG,08/2016 (BA),BaFin Rundschreiben 08/2016 (BA) - Obergrenzen für Risikopositionen gegenüber Schattenbanken
Clearstream Europe AG,09/2010 (GW),BaFin Rundschreiben 09/2010 (GW) - Verfahrensverantwortlicher im automatisierten Kontenabrufverfahren nach § 24c KWG
Clearstream Europe AG,2013/36/EU (CRD),"Directive 2013/36/EU of the European Parliament and of the Council of 26 June 2013 on access to the activity of credit institutions and the prudential supervision of credit institutions and investment firms (CRD), amending Directive 2002/87/EC and repealing Directives 2006/48/EC and 2006/49/EC"
Clearstream Europe AG,2014/49/EU,Directive 2014/49/EU of the European Parliament and of the Council of 16 April 2014 on deposit guarantee schemes
Clearstream Europe AG,2014/59/EU (BRRD),"Directive 2014/59/EU of the European Parliament and of the Council of 15 May 2014 establishing a framework for the recovery and resolution of credit institutions and investment firms and amending Council Directive 82/891/EEC, and Directives 2001/24/EC, 2002/47/EC, 2004/25/EC, 2005/56/EC, 2007/36/EC, 2011/35/EU, 2012/30/EU and 2013/36/EU, and Regulations (EU) No 1093/2010 and (EU) No 648/2012, of the European Parliament and of the Council (BRRD)"
Clearstream Europe AG,57/2018,Deutsche Bundesbank Rundschreiben No. 57/2018 - Bankenstatistik / Kundensystematik / Monatliche Bilanzstatistik
Clearstream Europe AG,8001/2021,Mitteilung Nr. 8001/2021 Bankstatistische Meldungen und Anordnungen zur Änderung bankstatistischer Meldepflichten sowie Aufhebung einer Bundesbankmitteilung
Clearstream Europe AG,8002/2014,Mitteilung Nr. 8002/2014 Bankstatistische Meldungen und Anordnungen zur Änderung bankstatistischer Meldepflichten sowie Aufhebung einer Bundesbankmitteilung
Clearstream Europe AG,AEAO,Anwendungserlass zur Abgabenordnung
Clearstream Europe AG,AO,Abgabenordnung
Clearstream Europe AG,AWG,Außenwirtschaftsgesetz
Clearstream Europe AG,AWV,Außenwirtschaftsverordnung
Clearstream Europe AG,AktG,Aktiengesetz
Clearstream Europe AG,Allgemeinverfügung zur Anordnung der Speicherung von Daten in einem Dateisystem nach § 24c Abs. 1 KWG,Allgemeinverfügung zur Anordnung der Speicherung von Daten in einem Dateisystem nach § 24c Abs. 1 KWG
Clearstream Europe AG,AnaCredit Validation Checks,AnaCredit Validation Checks Version 1.8 January 2024
Clearstream Europe AG,Anordnung Sanktionen BAnz AT 31.03.2026 B9,Anordnung von Beschränkungen des Kapital- und Zahlungsverkehrs mit bestimmten Personen oder Personengesellschaften BAnz AT 31.03.2026 B9 (Bundesministerium für Wirtschaft und Energie)
Clearstream Europe AG,AnzV,Verordnung über die Anzeigen und die Vorlage von Unterlagen nach dem Kreditwesengesetz (Anzeigenverordnung - AnzV)
Clearstream Europe AG,BCBS 195,BCBS 195 - Principles for the Sound Management of Operational Risk
Clearstream Europe AG,BCBS 238,BCBS 238 - The Liquidity Coverage Ratio and liquidity risk monitoring tools
Clearstream Europe AG,BCBS 368,BCBS 368 - Interest rate risk in the banking book
Clearstream Europe AG,BCBS 450,BCBS 450 - Stress testing principles
Clearstream Europe AG,BCBS 457,BCBS 457 - Minimum capital requirements for market risk
Clearstream Europe AG,BCBS Principles for the sound management of third party risk,Basel Committee on Banking Supervision (BCBS) - Principles for the sound management of third party risk in respect of the banking sector.
Clearstream Europe AG,BDSG,Bundesdatenschutzgesetz (BDSG)
Clearstream Europe AG,BSI-Gesetz,Gesetz über das Bundesamt für Sicherheit in der Informationstechnik (BSI-Gesetz – BSIG)
Clearstream Europe AG,BSI-KritisV,Verordnung zur Bestimmung Kritischer Infrastrukturen nach dem BSI-Gesetz
Clearstream Europe AG,BaFin / FIU Orientierungshilfe zum Verdachtsmeldewesen,Gemeinsame Orientierungshilfe der BaFin und der FIU zu den Begriffen „Unverzüglichkeit“ und „Vollständigkeit“ einer Verdachtsmeldung nach § 43 GwG
Clearstream Europe AG,BaFin Allgemeinverfügung Rückkauferlaubnis,"BaFin Allgemeinverfügung bezüglich der Erteilung der allgemeinen Erlaubnis gegenüber bestimmten Instituten in Bezug auf die Kündigung, Tilgung, Rückzahlung oder den Rückkauf berücksichtigungsfähiger Verbindlichkeiten vor deren vertraglicher Fälligkeit"
Clearstream Europe AG,BaFin Allgemeinverfügung bezüglich der Diversitätsanzeigen,BaFin Allgemeinverfügung bezüglich der Diversitätsanzeigen zum Meldestichtag 31.12.2024 aufgrund neuer EBA-Leitlinien (EBA/GL/2023/08)
Clearstream Europe AG,"BaFin Allgemeinverfügung zur Anhebung des Schwellenwertes auf 50.000,00 EUR nach Art. 19 Abs. 9 der Verordnung (EU) Nr. 596/2014","BaFin Allgemeinverfügung zur Anhebung des Schwellenwertes auf 50.000,00 EUR nach Art. 19 Abs. 9 der Verordnung (EU) Nr. 596/2014 für zu meldende Eigengeschäfte nach Art. 19 Abs. 1, 8 der Verordnung (EU) Nr. 596/2014"
Clearstream Europe AG,BaFin Aufsichtsmitteilung Ordnungsgemäßer Geschäftsbetrieb bei Marktturbulenzen,BaFin Aufsichtsmitteilung Ordnungsgemäßer Geschäftsbetrieb bei Marktturbulenzen (BaFin konkretisiert ihre Erwartungen an die zu treffenden Vorkehrungen für zeitkritische Aktivitäten und Prozesse am Kapitalmarkt)
Clearstream Europe AG,BaFin Aufsichtsmitteilung zu Auslagerungen an Cloud-Anbieter,BaFin Aufsichtsmitteilung zu Auslagerungen an Cloud-Anbieter
Clearstream Europe AG,BaFin Auslegungs- und Anwendungshinweise zum Geldwäschegesetz (AT),BaFin Auslegungs- und Anwendungshinweise zum Geldwäschegesetz (Allgemeiner Teil)
Clearstream Europe AG,BaFin Auslegungs- und Anwendungshinweise zum Geldwäschegesetz (BT Kreditinstitute),BaFin Auslegungs- und Anwendungshinweise zum Geldwäschegesetz (Besonderer Teil für Kreditinstitute)
Clearstream Europe AG,BaFin Circular 03/2026 (GW) (High risk countries),"Rundschreiben 03/2026 (GW) betreffend Drittstaaten, die in ihren Systemen zur Bekämpfung von Geldwäsche und Terrorismusfinanzierung strategische Mängel aufweisen, die wesentliche Risiken für das internationale Finanzsystem darstellen (Hochrisiko-Staaten)"
Clearstream Europe AG,BaFin Circular 04/2024 (GW) (High risk countries),"BaFin Rundschreiben 04/2024 (GW) betreffend Drittstaaten, die in ihren Systemen zur Bekämpfung von Geldwäsche und Terrorismusfinanzierung strategische Mängel aufweisen, die wesentliche Risiken für das internationale Finanzsystem darstellen (Hochrisiko-Staaten)"
Clearstream Europe AG,BaFin Circular 07/2025 (GW) (High risk countries),"BaFin Rundschreiben 07/2025 (GW) betreffend Drittstaaten, die in ihren Systemen zur Bekämpfung von Geldwäsche und Terrorismusfinanzierung strategische Mängel aufweisen, die wesentliche Risiken für das internationale Finanzsystem darstellen (Hochrisiko-Staaten)"
Clearstream Europe AG,BaFin Circular 08/2024 (GW) (High risk countries),"BaFin Rundschreiben 08/2024 (GW) betreffend Drittstaaten, die in ihren Systemen zur Bekämpfung von Geldwäsche und Terrorismusfinanzierung strategische Mängel aufweisen, die wesentliche Risiken für das internationale Finanzsystem darstellen (Hochrisiko-Staaten)."
Clearstream Europe AG,BaFin Circular 08/2025 (GW) (High risk countries),"BaFin Rundschreiben 08/2025 (GW) betreffend Drittstaaten, die in ihren Systemen zur Bekämpfung von Geldwäsche und Terrorismusfinanzierung strategische Mängel aufweisen, die wesentliche Risiken für das internationale Finanzsystem darstellen (Hochrisiko-Staaten)"
Clearstream Europe AG,BaFin Circular 10/2017 (BA) (BAIT),BaFin Rundschreiben 10/2017 (BA) Fassung vom 16.12.2024 - Bankaufsichtliche Anforderungen an die IT (BAIT)
Clearstream Europe AG,BaFin Circular 10/2024 (GW) (High risk countries),"BaFin Rundschreiben 10/2024 (GW) betreffend Drittstaaten, die in ihren Systemen zur Bekämpfung von Geldwäsche und Terrorismusfinanzierung strategische Mängel aufweisen, die wesentliche Risiken für das internationale Finanzsystem darstellen (Hochrisiko-Staaten)."
Clearstream Europe AG,BaFin Circular 11/2025 (BA) Fit and Proper (FAP),BaFin Rundschreiben 11/2025 zu den Mitgliedern der Geschäftsleitung sowie von Verwaltungs- und Aufsichtsorganen gemäß KWG (Fit and Proper (FAP)-Rundschreiben)
Clearstream Europe AG,BaFin Circular 12/2025 (A) MaBail-in,BaFin Circular 12/2025 (A) Mindestanforderungen zur Umsetzbarkeit eines Bail-in (MaBail-in)
Clearstream Europe AG,BaFin Circular 13/2025 (GW) (High risk countries),"Rundschreiben 13/2025 (GW) betreffend Drittstaaten, die in ihren Systemen zur Bekämpfung von Geldwäsche und Terrorismusfinanzierung strategische Mängel aufweisen, die wesentliche Risiken für das internationale Finanzsystem darstellen (Hochrisiko-Staaten)"
Clearstream Europe AG,BaFin General Decree (Allgemeinverfügung) zur Herabsetzung der Quote des inländischen antizyklischen Kapitalpuffers,BaFin General Decree (Allgemeinverfügung) zur Herabsetzung der Quote des inländischen antizyklischen Kapitalpuffers (31.03.2020)
Clearstream Europe AG,"BaFin Management, classification and reporting of ICT-related incidents","BaFin Management, classification and reporting of ICT-related incidents (BaFin information on Chapter III, Articles 17 to 23 of DORA)"
Clearstream Europe AG,BaFin Merkblatt Bail-in-Implementierung,BaFin Merkblatt zur externen Bail-in-Implementierung
Clearstream Europe AG,BaFin Merkblatt zum Umgang mit Nachhaltigkeitsrisken,BaFin Merkblatt zum Umgang mit Nachhaltigkeitsrisken
Clearstream Europe AG,BaFin Merkblatt zur Sanierungsplanung,BaFin Merkblatt zur Sanierungsplanung
Clearstream Europe AG,BaFin Rundschreiben 02/2025 (A),BaFin Rundschreiben 02/2025 (A) – Mindestanforderungen zur Umsetzbarkeit von Übertragungen in der Abwicklung (MaStrukturelle Abwicklungsinstrumente)
Clearstream Europe AG,BaFin Rundschreiben 06/2025 (BA),BaFin Rundschreiben 06/2025 (BA) zur Ausübung des Wahlrechtes nach Art. 495e CRR
Clearstream Europe AG,BaFin Rundschreiben 06/2026 (BA) (MaRisk),BaFin Rundschreiben 06/2026 (BA) - Mindestanforderungen an das Risikomanagement (MaRisk)
Clearstream Europe AG,BaFin Rundschreiben 3/2017 (GW) VideoIdent,BaFin Rundschreiben 3/2017 (GW) - Videoidentifizierungsverfahren
Clearstream Europe AG,BaFin Umsetzungshinweise DORA,BaFin Aufsichtsmitteilung Hinweise zur Umsetzung von DORA im IKT-Risikomanagement und IKT-Drittparteienrisikomanagement
Clearstream Europe AG,Bekanntmachung über die Anforderungen an die Ordnungsmäßigkeit des Depotgeschäfts und der Erfüllung von Wertpapierlieferungsverpflichtungen,BaFin Bekanntmachung über die Anforderungen an die Ordnungsmäßigkeit des Depotgeschäfts und der Erfüllung von Wertpapierlieferungsverpflichtungen
Clearstream Europe AG,Bundesbank - BaFin Joint ICAAP Guidelines,Risk-bearing capacity guideline Supervisory assessment of bank-internal capital adequacy concepts and their integration into the overall performance and risk management processes (ICAAP) – Updated version from the Bundesbank and BaFin
Clearstream Europe AG,Bundesbank Handbuch zu den AnaCredit Validierungsregeln,Bundesbank Handbuch zu den AnaCredit Validierungsregeln
Clearstream Europe AG,Bundesbank Rundschreiben 24/2024 (AnaCredit),Bundesbank Rundschreiben 24/2024 Primärstatistisches Meldewesen / Kreditdatenstatistik (AnaCredit)
Clearstream Europe AG,Bundesbank Statistik der Banken und sonstigen Finanzinstitute Richtlinien,Bundesbank Statistik der Banken und sonstigen Finanzinstitute Richtlinien (Statistische Sonderveröffentlichung).
Clearstream Europe AG,Bundesbank Technische Spezifikation AnaCredit,Technische Spezifikation der Stamm- und Kreditdatenmeldungen für AnaCredit an die Bundesbank
Clearstream Europe AG,COM/2019/370,REPORT FROM THE COMMISSION TO THE EUROPEAN PARLIAMENT AND THE COUNCIL on the assessment of the risk of money laundering and terrorist financing affecting the internal market and relating to cross-border activities (22.10.2022)
Clearstream Europe AG,CPMI 162,CPMI 162 - Recovery of financial market infrastructures - Revised Report
Clearstream Europe AG,CPMI-BIS,CPMI-BIS Papers
Clearstream Europe AG,Cyber resilience oversight expectations for financial market infrastructures (ECB December 2018) Advancing Level (BuBa),Cyber resilience oversight expectations for financial market infrastructures (ECB December 2018) Advancing Level (BuBa)
Clearstream Europe AG,DepotG,Depotgesetz (DepotG)
Clearstream Europe AG,EBA Reporting Framework,EBA Reporting Framework (Last version)
Clearstream Europe AG,EBA-ITS/2024/06,"EBA-ITS/2024/06 Final Report Implementing Technical Standards amending Commission Implementing Regulation (EU) 2021/451 on supervisory reporting referred to in Article 430 (7) of Regulation (EU) No 575/2013 (CRR) concerning output floor, credit risk, market risk, operational risk, crypto assets and leverage ratio"
Clearstream Europe AG,EBA/GL/2014/06,EBA/GL/2014/06 - Guidelines on the range of scenarios to be used in recovery plans
Clearstream Europe AG,EBA/GL/2014/11,EBA/GL/2014/11 - Guidelines on the specification of measures to reduce or remove impediments to resolvability and the circumstances in which each measure may be applied under Directive 2014/59/EU
Clearstream Europe AG,EBA/GL/2015/02,EBA/GL/2015/02 - Guidelines on the minimum list of qualitative and quantitative recovery plan indicators
Clearstream Europe AG,EBA/GL/2015/07,EBA/GL/2015/07 - Guidelines on the interpretation of the different circumstances when an institution shall be considered as failing or likely to fail under Article 32(6) of Directive 2014/59/EU
Clearstream Europe AG,EBA/GL/2015/17,EBA/GL/2015/17 - Guidelines specifying the conditions for group financial support under Article 23 of Directive 2014/59/EU
Clearstream Europe AG,EBA/GL/2017/05,EBA/GL/2017/05 - Final Report Guidelines on ICT Risk Assessment under the SREP
Clearstream Europe AG,EBA/GL/2017/15,EBA/GL/2017/15 - Guidelines on connected clients under Article 4(1)(39) of Regulation (EU) No 575/2013
Clearstream Europe AG,EBA/GL/2018/02,EBA/GL/2018/02 - Guidelines on the management of interest rate risk arising from non-trading book activities
Clearstream Europe AG,EBA/GL/2018/04,EBA/GL/2018/04 - Guidelines on institutions’ stress testing
Clearstream Europe AG,EBA/GL/2021/05,EBA/GL/2021/05 - Guidelines on internal governance under Directive 2013/36/EU
Clearstream Europe AG,EBA/GL/2021/06,Final Report joint ESMA and EBA Guidelines on the assessment of the suitability of members of the management body and key function holders under Directive 2013/36/EU and Directive 2014/65/EU
Clearstream Europe AG,EBA/GL/2022/03,EBA/GL/2022/03 - Final Report Guidelines on common procedures and methodologies for the supervisory review and evaluation process (SREP) and supervisory stress testing
Clearstream Europe AG,EBA/GL/2022/05,EBA Guidelines on the role of AML/CFT compliance officers
Clearstream Europe AG,EBA/GL/2022/06,"EBA/GL/2022/06 Final report on Guidelines on the benchmarking exercises on remuneration practices, the gender pay gap and approved higher ratios under Directive 2013/36/EU"
Clearstream Europe AG,EBA/GL/2022/08,EBA/GL/2022/08 Final report on Guidelines on the data collection exercises regarding high earners under Directive 2013/36/EU and under Directive (EU) 2019/2034
Clearstream Europe AG,EBA/GL/2022/14,"EBA/GL/2022/14 - Guidelines issued on the basis of Article 84 (6) of Directive 2013/36/EU specifying criteria for the identification, evaluation, management and mitigation of the risks arising from potential changes in interest rates and of the assessment and monitoring of credit spread risk, of institutions’ non-trading book activities"
Clearstream Europe AG,EBA/GL/2022/15,EBA/GL/2022/15 - Guidelines on the use of Remote Customer Onboarding Solutions under Article 13(1) of Directive (EU) 2015/849
Clearstream Europe AG,EBA/GL/2023/03,EBA Guidelines amending Guidelines on customer due diligence and the factors credit and financial institutions should consider when assessing the money laundering and terrorist financing risk associated with individual business relationships and occasional transactions (‘The ML/TF Risk Factors Guidelines’) under Articles 17 and 18(4) of Directive (EU) 2015/849
Clearstream Europe AG,EBA/GL/2023/05,EBA/GL/2023/05 - Guidelines amending Guidelines EBA/GL/2022/01 on improving resolvability for institutions and resolution authorities under articles 15 and 16 of Directive 2014/59/EU (Resolvability Guidelines) to introduce a new section on resolvability testing
Clearstream Europe AG,EBA/GL/2023/06,Guidelines on overall recovery capacity in recovery planning
Clearstream Europe AG,EBA/GL/2023/08,"Guidelines on benchmarking of diversity practices, including diversity policies and gender pay gap, under Directive 2013/36/EU and Directive (EU) 2019/2034"
Clearstream Europe AG,EBA/GL/2024/04,EBA/GL/2024/04 - Guidelines on resubmission of historical data under the EBA reporting framework
Clearstream Europe AG,EBA/GL/2024/14,"EBA/GL/2024/14 Two sets of Guidelines on internal policies, procedures and controls to ensure the implementation of Union and national restrictive measures"
Clearstream Europe AG,EBA/GL/2026/06,Guidelines (revised) on common procedures and methodologies for the supervisory review and evaluation process (SREP) and supervisory stress testing under Directive 2013/36/EU
Clearstream Europe AG,EBA/RTS/2016/03,EBA/RTS/2016/03 - on the specification of the assessment methodology for competent authorities regarding compliance of an institution with the requirements to use the IRB Approach
Clearstream Europe AG,EBA/RTS/2021/923,Technical Standards (RTS) for the identification of risk takers (EBA/RTS/2021/923)
Clearstream Europe AG,EBA/Rec/2017/02,EBA/Rec/2017/02 - Final Report on Recommendation on the coverage of entities in a group recovery plan
Clearstream Europe AG,EBA/XBRL/2026/06,EBA XBRL Filing Rules version 5.9
Clearstream Europe AG,ECB Guide on effective risk data aggregation and risk reporting,"ECB Guide on effective risk data aggregation and risk reporting in accordance with articles 74, 76, 88(1)(b) and 91 of Directive 2013/36/EU (CRD)."
Clearstream Europe AG,ECB Guide to internal models,ECB Guide to internal models
Clearstream Europe AG,ECB Guideline (EU) 2022/971,Guideline (EU) 2022/971 of the European Central Bank of 19 May 2022 on the Centralised Securities Database and the production of securities issues statistics and repealing Guideline ECB/2012/21 and Guideline (EU) 2021/834 (ECB/2022/25)
Clearstream Europe AG,ECB/2021/2,Amendments of monthly balance sheet statistics acording to the regulation ECB/2021/2 issued by ECB Council
Clearstream Europe AG,ECB/2024/22,Guideline (EU) 2024/3129 of the European Central Bank of 13 August 2024 on the management of collateral in Eurosystem credit operations (ECB/2024/22)
Clearstream Europe AG,ESEF XBRL-Taxonomy,ESEF XBRL-Taxonomy on reporting from the EBA/ESMA (last version)
Clearstream Europe AG,ESMA70-151-294,ESMA Guidelines CSD participants default rules and procedures
Clearstream Europe AG,ESMA70-159-4966,MAR Guidelines Delay in the disclosure of inside information and interactions with prudential supervision
Clearstream Europe AG,ESMA70-708036281-66,ESMA Guidelines - On the Process for the Calculation of the Indicators to Determine the Most Relevant Currencies in which Settlement Takes Place
Clearstream Europe AG,ESMA70-708036281-67,ESMA Guidelines - On the Process for the Calculation of the Indicators to Determine the Substantial Importance of a CSD for a Host Member State
Clearstream Europe AG,EinSiG,Einlagensicherungsgesetz (EinSiG)
Clearstream Europe AG,Erste Nationale Risikoanalyse 2018/2019,Erste Nationale Risikoanalyse 2018/2019
Clearstream Europe AG,FATF Recommendations,The FATF Recommendations
Clearstream Europe AG,FCPA,Foreign Corrupt Practices Act - FCPA
Clearstream Europe AG,FinaRisikoV,Finanz- und Risikotragfähigkeitsinformationenverordnung (FinaRisikoV)
Clearstream Europe AG,GOBD,"Grundsätze zur ordnungsmäßigen Führung und Aufbewahrung von Büchern, Aufzeichnungen und Unterlagen in elektronischer Form sowie zum Datenzugriff (GoBD), Schreiben des BMF vom 28.11.2019"
Clearstream Europe AG,GeschGehG,Gesetz zum Schutz von Geschäftsgeheimnissen (GeschGehG)
Clearstream Europe AG,GroMiKV,Großkredit- und Millionenkreditverordnung (GroMiKV)
Clearstream Europe AG,Guidance on cyber resilience for financial market infrastructures,Guidance on cyber resilience for financial market infrastructures
Clearstream Europe AG,GwG,Gesetz über das Aufspüren von Gewinnen aus schweren Straftaten
Clearstream Europe AG,GwG-Meldeverordnung,Verordnung über die Form von und die erforderlichen Angaben in Meldungen an die Zentralstelle für Finanztransaktionsuntersuchungen nach § 43 Absatz 1 und § 44 des Geldwäschegesetzes (GwG-Meldeverordnung – GwGMeldV)
Clearstream Europe AG,GwStrRVG,Gesetz zur Verbesserung der strafrechtlichen Bekämpfung der Geldwäsche
Clearstream Europe AG,HGB,Handelsgesetzbuch
Clearstream Europe AG,Handbuch zu den AnaCreditPlausibilisierungsprüfungen,Handbuch zu den AnaCreditPlausibilisierungsprüfungen
Clearstream Europe AG,HinSchG,Gesetz für einen besseren Schutz hinweisgebender Personen
Clearstream Europe AG,ICAAP,ECB Guide to the internal capital adequacy assessment process (ICAAP) of November 2018
Clearstream Europe AG,ITSiG,IT-Sicherheitsgesetz 2.0 vom 18.Mai 2021
Clearstream Europe AG,InstitutsVergV,Verordnung über die aufsichtsrechtlichen Anforderungen an Vergütungssysteme von Instituten
Clearstream Europe AG,IntermErsAufwV,Verordnung über den Ersatz von Aufwendungen der Intermediäre (Intermediäre-Aufwendungsersatz-Verordnung – IntermErsAufwV)
Clearstream Europe AG,InvStG,Investmentsteuergesetz
Clearstream Europe AG,JC/GL/2024/34 GL on major ICT-related incidents under DORA,Joint Guidelines on estimation of aggregated annual costs and losses caused by major ICT-related incidents under Regulation (EU) 2022/2554 (DORA) (EBA/ESMA/EOPA) (JC/GL/2024/34)
Clearstream Europe AG,KWG,Gesetz über das Kreditwesen
Clearstream Europe AG,Leitlinien zur Bestimmung allgemeiner Kriterien für Ad-hoc-Publizitätspflichten und Aufschubmöglichkeiten für Kredit und Finanzinstitute betreffend bankaufsichtliches Handeln und Abwicklung,Leitlinien zur Bestimmung allgemeiner Kriterien für Ad-hoc-Publizitätspflichten und Aufschubmöglichkeiten für Kredit und Finanzinstitute betreffend bankaufsichtliches Handeln und Abwicklung
Clearstream Europe AG,MaSanV,Verordnung zu den Mindestanforderungen an Sanierungspläne für Institute (MaSanV)
Clearstream Europe AG,"Merkblatt für die Meldungen gemäß §§ 10,11 FinaRisikoV","Risikotragfähigkeitsinformationen Merkblatt für die Meldungen gemäß §§ 10,11 FinaRisikoV"
Clearstream Europe AG,Merkblatt zur Einhaltung von Finanzsanktionen,Merkblatt zur Einhaltung von Finansanktionen
Clearstream Europe AG,PEP List,"Prominent public functions at national level, at the level of International Organisations and at the level of the European Union Institutions and Bodies (C/2023/724)"
Clearstream Europe AG,PFMI,CPSS-IOSCO -Principles for financial market infrastructures (PFMI)
Clearstream Europe AG,QI Revenue Procedure 2017-15,QI Revenue Procedure 2017-15
Clearstream Europe AG,RechKredV,Kreditinstituts-Rechnungslegungsverordnung (RechKredV)
Clearstream Europe AG,Richtlinien zur Kreditdatenstatistik (AnaCredit),Bundesbank Statistik der Banken und sonstigen Finanzinstitute Richtlinien (AnaCredit)
Clearstream Europe AG,Rundschreiben 13/2024,Deutsche Bundesbank Rundschreiben 13/2024 (Angepasste Bankenstatistik-Richtlinien)
Clearstream Europe AG,Rundschreiben Nr. 08/2019,Deutsche Bundesbank Rundschreiben No. 08/2019 - Bankenstatistik / Kundensystematik / Monatliche Bilanzstatistik
Clearstream Europe AG,SAG,Gesetz zur Sanierung und Abwicklung von Instituten und Finanzgruppen (Sanierungs- und Abwicklungsgesetz - SAG)
Clearstream Europe AG,SNRA,Supranational Risk Assessment
Clearstream Europe AG,SchVG,Schuldverschreibungsgesetz (SchVG)
Clearstream Europe AG,SolvV,"Verordnung zur angemessenen Eigenmittelausstattung von Instituten, Institutsgruppen, Finanzholding-Gruppen und gemischten Finanzholding-Gruppen"
Clearstream Europe AG,StGB,Strafgesetzbuch
Clearstream Europe AG,Statistische Sonderveröffentlichung 1 von Januar 2024 zur Statistik der Banken und sonstigen Finanzinstitute,Statistische Sonderveröffentlichung 1 von Januar 2024 zur Statistik der Banken und sonstigen Finanzinstitute
Clearstream Europe AG,Statistische Sonderveröffentlichung 1 von Januar 2025 zur Statistik der Banken und sonstigen Finanzinstitute,Statistische Sonderveröffentlichung 1 von Januar 2025 zur Statistik der Banken und sonstigen Finanzinstitute der Bundesbank
Clearstream Europe AG,Subnationale Risikoanalyse 2021/2022 (SRA 3.0),Subnationale Risikoanalyse 2021/2022 (SRA 3.0)
Clearstream Europe AG,UK Bribery Act,UK Bribery Act
Clearstream Europe AG,UK SFD,The Financial Markets and Insolvency (Settlement Finality) Regulations 1999
Clearstream Europe AG,USA Patriot Act,UNITING AND STRENGTHENING AMERICA BY PROVIDING APPROPRIATE TOOLS REQUIRED TO INTERCEPT AND OBSTRUCT TERRORISM (USA PATRIOT ACT) ACT OF 2001
Clearstream Europe AG,WIdV,Verordnung zur Vergabe steuerlicher Wirtschafts-Identifikationsnummern (Wirtschafts-Identifikationsnummer-Verordnung – WIdV)
Clearstream Europe AG,eWpG,Gesetz über elektronische Wertpapiere (eWpG)
Clearstream Europe AG,eWpRV,Verordnung über Anforderungen an elektronische Wertpapierregister (eWpRV)
Clearstream Holding AG,(EU) 101/2011,"Council Regulation (EU) No 101/2011 of 4 February 2011 concerning restrictive measures directed against certain persons, entities and bodies in view of the situation in Tunisia (Tunisia Sanctions Regime)"
Clearstream Holding AG,(EU) 1163/2014,Regulation (EU) No 1163/2014 of the European Central Bank of 22 October 2014 on supervisory fees (ECB/2014/41)
Clearstream Holding AG,(EU) 1183/2005,Council Regulation (EC) No 1183/2005 of 18 July 2005 imposing certain specific restrictive measures directed against persons acting in violation of the arms embargo with regard to the Democratic Republic of the Congo (Democratic Republic of Congo Sanctions Regime)
Clearstream Holding AG,(EU) 1187/2014,Commission Delegated Regulation (EU) No 1187/2014 of 2 October 2014 supplementing Regulation (EU) No 575/2013 of the European Parliament and of the Council as regards regulatory technical standards for determining the overall exposure to a client or a group of connected clients in respect of transactions with underlying assets
Clearstream Holding AG,(EU) 1210/2003,Council Regulation (EC) No 1210/2003 of 7 July 2003 concerning certain specific restrictions on economic and financial relations with Iraq and repealing Regulation (EC) No 2465/96 (Iraq Sanctions Regime)
Clearstream Holding AG,(EU) 1284/2009,Council Regulation (EU) No 1284/2009 of 22 December 2009 imposing certain specific restrictive measures in respect of the Republic of Guinea (Guinea Sanctions Regime)
Clearstream Holding AG,(EU) 1352/2014,Council Regulation (EU) No 1352/2014 of 18 December 2014 concerning restrictive measures in view of the situation in Yemen (Yemen Sanctions Regime)
Clearstream Holding AG,(EU) 1412/2006,Council Regulation (EC) No 1412/2006 of 25 September 2006 concerning certain restrictive measures in respect of Lebanon (Lebanon Sanctions Regime)
Clearstream Holding AG,(EU) 147/2003,Council Regulation (EC) No 147/2003 of 27 January 2003 concerning certain restrictive measures in respect of Somalia (Somalia Sanctions Regime)
Clearstream Holding AG,(EU) 2015/1755,Council Regulation (EU) 2015/1755 of 1 October 2015 concerning restrictive measures in view of the situation in Burundi (Burundi Sanctions Regime)
Clearstream Holding AG,(EU) 2015/2197,Commission Implementing Regulation (EU) 2015/2197 of 27 November 2015 laying down implementing technical standards with regard to closely correlated currencies in accordance with Regulation (EU) No 575/2013 of the European Parliament and of the Council
Clearstream Holding AG,(EU) 2015/534,Regulation (EU) 2015/534 of the European Central Bank of 17 March 2015 on reporting of supervisory financial information
Clearstream Holding AG,(EU) 2015/61,Commission Delegated Regulation (EU) 2015/61 of 10 October 2014 to supplement Regulation (EU) No 575/2013 of the European Parliament and the Council with regard to liquidity coverage requirement for Credit Institutions
Clearstream Holding AG,(EU) 2015/735,"Council Regulation (EU) 2015/735 of 7 May 2015 concerning restrictive measures in respect of the situation in South Sudan, and repealing Regulation (EU) No 748/2014 (South Sudan Sanctions Regime)"
Clearstream Holding AG,(EU) 2015/849,"Directive (EU) 2015/849 of the European Parliament and of the Council of 20 May 2015 on the prevention of the use of the financial system for the purposes of money laundering or terrorist financing, amending Regulation (EU) No 648/2012 of the European Parliament and of the Council, and repealing Directive 2005/60/EC of the European Parliament and of the Council and Commission Directive 2006/70/EC"
Clearstream Holding AG,(EU) 2016/1075,"Commission Delegated Regulation (EU) 2016/1075 of 23 March 2016 supplementing Directive 2014/59/EU of the European Parltime and of the Council with regard to regulatory technical standards specifying the content of recovery plans, resolution plans and group resolution plans, the minimum criteria that the competent authority is to assess as regards recovery plans and group recovery plans, the conditions for group financial support, the requirements for independent valuers, the contractual recognition of write-down and conversion powers, the procedures and contents of notification requirements and of notice of suspension and the operational functioning of the resolution colleges"
Clearstream Holding AG,(EU) 2016/1400,Commission Delegated Regulation (EU) 2016/1400 of 10 May 2016 supplementing Directive 2014/59/EU of the European Parliament and of the Council with regard to regulatory technical standards specifying the minimum elements of a business reorganisation plan and the minimum contents of the reports on the progress in the implementation of the plan
Clearstream Holding AG,(EU) 2016/1450,Commission Delegated Regulation (EU) 2016/1450 of 23 May 2016 supplementing Directive 2014/59/EU of the European Parliament and of the Council with regard to regulatory technical standards specifying the criteria relating to the methodology for setting the minimum requirement for own funds and eligible liabilities
Clearstream Holding AG,(EU) 2016/1675,Commission Delegated Regulation (EU) 2016/1675 of 14 July 2016 supplementing Directive (EU) 2015/849 of the European Parliament and of the Council by identifying high-risk third countries with strategic deficiencies
Clearstream Holding AG,(EU) 2016/1686,"Regulation (EU) 2016/1686 of 20 September 2016 imposing additional restrictive measures directed against ISIL (Da'esh) and Al-Qaeda and natural and legal persons, entities or bodies associated with them (Al-Qaida / ISIL (Da‘esh) Sanctions Regime)"
Clearstream Holding AG,(EU) 2016/1712,Commission Delegated Regulation (EU) 2016/1712 of 7 June 2016 supplementing Directive 2014/59/EU of the European Parliament and of the Council establishing a framework for the recovery and resolution of credit institutions and investment firms with regard to regulatory technical standards specifying a minimum set of the information on financial contracts that should be contained in the detailed records and the circumstances in which the requirement should be imposed
Clearstream Holding AG,(EU) 2016/1799,Regulation (EU) 2016/1799 of 7 October 2016 laying down implementing technical standards with regard to the mapping of credit assessments of external credit assessment institutions for credit risk in accordance with Articles 136(1) and 136(3) of Regulation (EU) No 575/2013 (CRR)
Clearstream Holding AG,(EU) 2016/44,Council Regulation (EU) 2016/44 of 18 January 2016 concerning restrictive measures in view of the situation in Libya and repealing Regulation (EU) No 204/2011 (Libya Sanctions Regime)
Clearstream Holding AG,(EU) 2016/679 (GDPR),"Regulation (EU) 2016/679 of the European Parliament and of the Council of 27 April 2016 on the protection of natural persons with regard to the processing of personal data and on the free movement of such data, and repealing Directive 95/46/EC (GDPR)"
Clearstream Holding AG,(EU) 2016/778,"Commission Delegated Regulation (EU) 2016/778 of 2 February 2016 supplementing Directive 2014/59/EU of the European Parliament and of the Council with regard to the circumstances and conditions under which the payment of extraordinary ex post contributions may be partially or entirely deferred, and on the criteria for the determination of the activities, services and operations with regard to critical functions, and for the determination of the business lines and associated services with regard to core business lines"
Clearstream Holding AG,(EU) 2016/860,Commission Delegated Regulation (EU) 2016/860 of 4 February 2016 specifying further the circumstances where exclusion from the application of write-down or conversion powers is necessary under Article 44(3) of Directive 2014/59/EU of the European Parliament and of the Council establishing a framework for the recovery and resolution of credit institutions and investment firms
Clearstream Holding AG,(EU) 2016/911,Commission Implementing Regulation (EU) 2016/911 of 9 June 2016 laying down implementing technical standards with regard to the form and the content of the description of group financial support agreements in accordance with Directive 2014/59/EU of the European Parliament and of the Council establishing a framework for the recovery and resolution of credit institutions and investment firms
Clearstream Holding AG,(EU) 2016/957,"Commission Delegated Regulation (EU) 2016/957 of 9 March 2016 supplementing Regulation (EU) No 596/2014 of the European Parliament and of the Council with regard to regulatory technical standards for the appropriate arrangements, systems and procedures as well as notification templates to be used for preventing, detecting and reporting abusive practices or suspicious orders or transactions"
Clearstream Holding AG,(EU) 2017/1509,Council Regulation (EU) 2017/1509 of 30 August 2017 concerning restrictive measures against the Democratic People's Republic of Korea and repealing Regulation (EC) No 329/2007 (Democratic People's Republic of Korea Sanctions Regime)
Clearstream Holding AG,(EU) 2017/1538,Regulation (EU) 2017/1538 of the European Central Bank of 25 August 2017 amending Regulation (EU) 2015/534 on reporting of supervisory financial information
Clearstream Holding AG,(EU) 2017/1539,Regulation (EU) 2017/1539 of the European Central Bank of 25 August 2017 laying down the date of application of Regulation (EU) 2017/1538 amending Regulation (EU) 2015/534 on reporting of supervisory financial information (ECB/2017/25) to less significant supervised entities which are subject to national accounting frameworks (ECB/2017/26)
Clearstream Holding AG,(EU) 2017/1770,Council Regulation (EU) 2017/1770 of 28 September 2017 concerning restrictive measures in view of the situation in Mali (Mali Sanctions Regime)
Clearstream Holding AG,(EU) 2017/2063,Council Regulation (EU) 2017/2063 of 13 November 2017 concerning restrictive measures in view of the situation in Venezuela (Venezuela Sanctions Regime)
Clearstream Holding AG,(EU) 2017/565,Commission Delegated Regulation (EU) 2017/565 of 25 April 2016 supplementing Directive 2014/65/EU of the European Parliament and of the Council as regards organisational requirements and operating conditions for investment firms and defined terms for the purposes of that Directive
Clearstream Holding AG,(EU) 2017/584,Commission Delegated Regulation (EU) 2017/584 of 14 July 2016 supplementing Directive 2014/65/EU of the European Parliament and of the Council with regard to regulatory technical standards specifying organisational requirements of trading venues
Clearstream Holding AG,(EU) 2017/867,Commission Delegated Regulation (EU) 2017/867 of 7 February 2017 on classes of arrangements to be protected in a partial property transfer under Article 76 of Directive 2014/59/EU of the European Parliament and of the Council
Clearstream Holding AG,(EU) 2018/1542,Council Regulation (EU) 2018/1542 of 15 October 2018 concerning restrictive measures against the proliferation and use of chemical weapons (Chemical Weapon Sanctions Regime)
Clearstream Holding AG,(EU) 2019/1716,Council Regulation (EU) 2019/1716 of 14 October 2019 concerning restrictive measures in view of the situation in Nicaragua (Nicaragua Sanctions Regime)
Clearstream Holding AG,(EU) 2019/1890,Council Regulation (EU) 2019/1890 of 11 November 2019 concerning restrictive measures in view of Turkey’s unauthorised drilling activities in the Eastern Mediterranean (Turkey Sanctions Regime)
Clearstream Holding AG,(EU) 2019/796,Council Regulation (EU) 2019/796 of 17 May 2019 concerning restrictive measures against cyber-attacks threatening the Union or its Member States (Cyber Attacks Sanctions Regime)
Clearstream Holding AG,(EU) 2019/878,"Directive (EU) 2019/878 of the European Parliament and of the Council of 20 May 2019 amending Directive 2013/36/EU as regards exempted entities, financial holding companies, mixed financial holding companies, remuneration, supervisory measures and powers and capital conservation measures (CRD V)"
Clearstream Holding AG,(EU) 2019/879,Directive (EU) 2019/879 of the European Parliament and of the Council of 20 May 2019 amending Directive 2014/59/EU as regards the loss-absorbing and recapitalisation capacity of credit institutions and investment firms and Directive 98/26/EC (BRRD II)
Clearstream Holding AG,(EU) 2020/1998,Council Regulation (EU) 2020/1998 of 7 December 2020 concerning restrictive measures against serious human rights violations and abuses (Human Rights Violations Sanctions Regime)
Clearstream Holding AG,(EU) 2020/605,Regulation (EU) 2020/605 of the European Central Bank of 9 April 2020 amending Regulation (EU) 2015/534 on reporting of supervisory financial information (ECB/2020/22)
Clearstream Holding AG,(EU) 2021/1275,Council Regulation (EU) 2021/1275 of 30 July 2021 concerning restrictive measures in view of the situation in Lebanon (Lebanon Sanctions Regime)
Clearstream Holding AG,(EU) 2021/763,Commission Implementing Regulation (EU) 2021/763 of 23 April 2021 laying down implementing technical standards for the application of Regulation (EU) No 575/2013 of the European Parliament and of the Council and Directive 2014/59/EU of the European Parliament and of the Council with regard to the supervisory reporting and public disclosure of the minimum requirement for own funds and eligible liabilities
Clearstream Holding AG,(EU) 2021/914,Commission Implementing Decision (EU) 2021/914 of 4 June 2021 on standard contractual clauses for the transfer of personal data to third countries pursuant to Regulation (EU) 2016/679 of the European Parliament and of the Council
Clearstream Holding AG,(EU) 2021/915,Commission Implementing Decision (EU) 2021/915 of 4 June 2021 on standard contractual clauses between controllers and processors under Article 28(7) of Regulation (EU) 2016/679 of the European Parliament and of the Council and Article 29(7) of Regulation (EU) 2018/1725 of the European Parliament and of the Council
Clearstream Holding AG,(EU) 2021/923,"Commission Delegated Regulation (EU) 2021/923 setting out the criteria to define managerial responsibility, control functions, material business units and a significant impact on a material business unit’s risk profile, and setting out criteria for identifying staff members or categories of staff whose professional activities have an impact on the institution’s risk profile that is comparably as material as that of staff members or categories of staff"
Clearstream Holding AG,(EU) 2021/931,"Regulation (EU) 2021/931 of 1 March 2021 supplementing Regulation (EU) No 575/2013 of the European Parliament and of the Council with regard to regulatory technical standards specifying the method for identifying derivative transactions with one or more than one material risk driver for the purposes of Article 277(5), the formula for calculating the supervisory delta of call and put options mapped to the interest rate risk category and the method for determining whether a transaction is a long or short position in the primary risk driver or in the most material risk driver in the given risk category for the purposes of Article 279a(3)(a) and (b) in the standardised approach for counterparty credit risk"
Clearstream Holding AG,(EU) 2022/2309,Council Regulation (EU) 2022/2309 of 25 November 2022 concerning restrictive measures in view of the situation in HaitI (Haiti Sanctions Regime)
Clearstream Holding AG,(EU) 2022/2554 (DORA),"REGULATION (EU) 2022/2554 OF THE EUROPEAN PARLIAMENT AND OF THE COUNCIL of 14 December 2022 on digital operational resilience for the financial sector and amending Regulations (EC) No 1060/2009, (EU) No 648/2012, (EU) No 600/2014, (EU) No 909/2014 and (EU) 2016/1011 [Digital Operational Resilience Act (DORA)]"
Clearstream Holding AG,(EU) 2022/263,"Council Regulation (EU) 2022/263 of 23 February 2022 concerning restrictive measures in response to the recognition of the non-government controlled areas of the Donetsk and Luhansk oblasts of Ukraine and the ordering of Russian armed forces into those areas (Russia Sanctions Regime - Restrictive measures in response to the illegal recognition, occupation, or annexation by the Russian Federation of certain Ukrainian territories not controlled by the government (""Basic Regulation"": Regulation (EU) 2022/263)"
Clearstream Holding AG,(EU) 2023/1219,Commission Delegated Regulation (EU) 2023/1219 of 17 May 2023 amending Delegated Regulation (EU) 2016/1675 as regards adding Nigeria and South Africa to the table in point I of the Annex and deleting Cambodia and Morocco from that table
Clearstream Holding AG,(EU) 2023/1529,Council Regulation (EU) 2023/1529 of 20 July 2023 concerning restrictive measures in view of Iran’s military support of Russia’s war of aggression against Ukraine
Clearstream Holding AG,(EU) 2023/1577,Commission Delegated Regulation (EU) 2023/1577 of 20 April 2023 supplementing Regulation (EU) No 575/2013 of the European Parliament and of the Council with regard to regulatory technical standards on the calculation of the own funds requirements for market risk for non-trading book positions subject to foreign exchange risk or commodity risk and the treatment of those positions for the purposes of the regulatory back-testing requirements and the profit and loss attribution requirement under the alternative internal model approach
Clearstream Holding AG,(EU) 2023/1795,Commission Implementing Decision EU 2023/1795 of 10 July 2023 pursuant to Regulation (EU) 2016/679 of the European Parliament and of the Council on the adequate level of protection of personal data under the EU-US Data Privacy Framework
Clearstream Holding AG,(EU) 2023/2070,Commission Delegated Regulation (EU) 2023/2070 of 18 August 2023 amending Delegated Regulation (EU) 2016/1675 to add Cameroon and Vietnam to the list of high-risk third countries
Clearstream Holding AG,(EU) 2023/2147,Council Regulation (EU) 2023/2147 of 9 October 2023 concerning restrictive measures in view of activities undermining the stability and political transition of Sudan
Clearstream Holding AG,(EU) 2023/2406,Council Regulation (EU) 2023/2406 of 23 October 2023 concerning restrictive measures in view of the situation in Niger
Clearstream Holding AG,(EU) 2023/410,"Commission Delegated Regulation (EU) 2023/410 of 19 December 2022 amending Delegated Regulation (EU) 2016/1675 as regards adding the Democratic Republic of the Congo, Gibraltar, Mozambique, Tanzania and the United Arab Emirates to Table I of the Annex to Delegated Regulation (EU) 2016/1675"
Clearstream Holding AG,(EU) 2023/662,Comission Delegated Regulation (EU) 2023/662 of 20 January 2023 amending Delegated Regulation (EU) 2015/63 as regards the methodology for the calculation of liabilities arising from derivatives
Clearstream Holding AG,(EU) 2023/827,Commission Delegated Regulation (EU) 2023/827 of 11 October 2022 laying down regulatory technical standards amending Delegated Regulation (EU) No 241/2014 as regards the prior permission to reduce own funds and the requirements related to eligible liabilities instruments
Clearstream Holding AG,(EU) 2023/888,Council Regulation (EU) 2023/888 of 28 April 2023 concerning restrictive measures in view of actions destabilising the Republic of Moldova (Moldovan Sanctions Regime- Restrictive measures against individuals with Moldovan or Russian nationality that have engaged in destabilising activities)
Clearstream Holding AG,(EU) 2024/1485,Regulation (EU) 2024/1485 of 27 May 2024 concerning restrictive measures in view of the situation in Russia
Clearstream Holding AG,(EU) 2024/1728,Regulation (EU) 2024/1728 of 6 December 2023 supplementing Regulation (EU) No 575/2013 (CRR) of the European Parliament and of the Council with regard to regulatory technical standards specifying in which circumstances the conditions for identifying groups of connected clients are met
Clearstream Holding AG,(EU) 2024/2642,Regulation (EU) 2024/2642 of 8 October 2024 concerning restrictive measures in view of Russia’s destabilizing activities
Clearstream Holding AG,(EU) 2024/287,Council Regulation (EU) 2024/287 of 12 January 2024 concerning restrictive measures in view of the situation in Guatemala
Clearstream Holding AG,(EU) 2024/3117,Regulation (EU) 2024/3117 of 29 November 2024 laying down implementing technical standards for the application of Regulation (EU) No 575/2013 (CRR) of the European Parliament and of the Council with regard to supervisory reporting of institutions and repealing Commission Implementing Regulation (EU) 2021/451
Clearstream Holding AG,(EU) 2024/3172,"Regulation (EU) 2024/3172 of 29 November 2024 laying down implementing technical standards for the application of Regulation (EU) No 575/2013 of the European Parliament and of the Council with regard to public disclosures by institutions of the information referred to in Part Eight, Titles II and III, of that Regulation, and repealing Commission Implementing Regulation (EU) 2021/637"
Clearstream Holding AG,(EU) 2024/386,"Regulation (EU) 2024/386 of 19 January 2024 establishing restrictive measures against Hamas and Palestinian Islamic Jihad and those who support, facilitate or enable their violent actions"
Clearstream Holding AG,(EU) 2024/856,"Regulation (EU) 2024/856 of 1 December 2023 supplementing Directive 2013/36/EU of the European Parliament and of the Council with regard to regulatory technical standards specifying the supervisory shock scenarios, the common modelling and parametric assumptions and what constitutes a large decline"
Clearstream Holding AG,(EU) 2024/857,Regulation (EU) 2024/857 of 1 December 2023 supplementing Directive 2013/36/EU of the European Parliament and of the Council with regard to regulatory technical standards specifying a standardised methodology and a simplified standardised methodology to evaluate the risks arising from potential changes in interest rates that affect both the economic value of equity and the net interest income of an institution’s non-trading book activities
Clearstream Holding AG,(EU) 2025/2303,"Regulation (EU) 2025/2303 of 14 November 2025 laying down implementing technical standards with regard to procedures, standard forms and templates for the provision of information for the purposes of resolution plans for credit institutions and investment firms pursuant to Directive 2014/59/EU of the European Parliament and of the Council, and repealing Commission Implementing Regulation (EU) 2018/1624"
Clearstream Holding AG,(EU) 2025/2600,Council Regulation (EU) 2025/2600 of 12 December 2025 on emergency measures addressing the serious economic difficulties caused by Russia’s actions in the context of the war of aggression against Ukraine.
Clearstream Holding AG,(EU) 2026/1291,"Regulation (EU) 2026/1291 of 12 June 2026 laying down implementing technical standards for the application of Regulation (EU) No 596/2014 (MAR) of the European Parliament and of the Council with regard to the format of insider lists, and repealing Commission Implementing Regulation (EU) 2022/1210"
Clearstream Holding AG,(EU) 2026/261,"Regulation (EU) 2026/261 of the European Parliament and of the Council of 26 January 2026 on phasing out Russian natural gas imports and preparing the phase-out of Russian oil imports, improving monitoring of potential energy dependencies and amending Regulation (EU) 2017/1938"
Clearstream Holding AG,(EU) 208/2014,"Council Regulation (EU) No 208/2014 of 5 March 2014 concerning restrictive measures directed against certain persons, entities and bodies in view of the situation in Ukraine (Russia Sanctions Regime - Restrictive measures related to the situation in Ukraine (""Basic Regulation"": Regulation (EU) No. 208/2014)"
Clearstream Holding AG,(EU) 224/2014,Council Regulation (EU) No 224/2014 of 10 March 2014 concerning restrictive measures in view of the situation in the Central African Republic (Central African Republic Sanctions Regime)
Clearstream Holding AG,(EU) 236/2012,Regulation (EU) No 236/2012 of the European Parliament and of the Council of 14 March 2012 on short selling and certain aspects of credit default swaps
Clearstream Holding AG,(EU) 241/2014,CDR EU 241/2014 - supplementing Regulation (EU) No 575/2013 of the European Parliament and of the Council with regard to regulatory technical standards for Own Funds requirements for institutions
Clearstream Holding AG,(EU) 2580/2001,Council Regulation (EC) No 2580/2001 of 27 December 2001 on specific restrictive measures directed against certain persons and entities with a view to combating terrorism
Clearstream Holding AG,(EU) 267/2012,Council Regulation (EU) No 267/2012 of 23 March 2012 concerning restrictive measures against Iran and repealing Regulation (EU) No 961/2010 (Iran Sanctions Regime)
Clearstream Holding AG,(EU) 269/2014,"Council Regulation (EU) No 269/2014 of 17 March 2014 concerning restrictive measures in respect of actions undermining or threatening the territorial integrity, sovereignty and independence of Ukraine (Russia Sanctions Regime - Restrictive measures in view of the threat to the territorial integrity of Ukraine (Basic Regulation: Regulation (EU) No. 269/2014)."
Clearstream Holding AG,(EU) 305/2006,Council Regulation (EC) No 305/2006 of 21 February 2006 imposing specific restrictive measures against certain persons suspected of involvement in the assassination of former Lebanese Prime Minister Rafiq Hariri (Lebanon Sanctions Regime)
Clearstream Holding AG,(EU) 314/2004,Regulation (EC) No 314/2004 of 19 February 2004 concerning an arms embargo in view of the situation in Zimbabwe (Zimbabwe Sanctions Regime)
Clearstream Holding AG,(EU) 3541/92,"Council Regulation (EEC) No 3541/92 of 7 December 1992 prohibiting the satisfying of Iraqi claims with regard to contracts and transactions, the performance of which was affected by United Nations Security Council Resolution 661 (1990) and related resolutions (Iraq Sanctions Regime)"
Clearstream Holding AG,(EU) 356/2010,"Council Regulation (EU) No 356/2010 of 26 April 2010 imposing certain specific restrictive measures directed against certain natural or legal persons, entities or bodies, in view of the situation in Somali (Somalia Sanctions Regime)"
Clearstream Holding AG,(EU) 359/2011,"Council Regulation (EU) No 359/2011 of 12 April 2011 concerning restrictive measures directed against certain persons, entities and bodies in view of the situation in Iran (Iran Sanctions Regime)"
Clearstream Holding AG,(EU) 36/2012,Council Regulation (EU) No 36/2012 of 18 January 2012 concerning restrictive measures in view of the situation in Syria and repealing Regulation (EU) No 442/2011 (Syria Sanctions Regime)
Clearstream Holding AG,(EU) 377/2012,"Council Regulation (EU) No 377/2012 of 3 May 2012 concerning restrictive measures directed against certain persons, entities and bodies threatening the peace, security or stability of the Republic of Guinea-Bissau (Republic of Guinea-Bissau Sanctions Regime)"
Clearstream Holding AG,(EU) 401/2013,Council Regulation (EU) No 401/2013 of 2 May 2013 concerning restrictive measures in respect of Myanmar/Burma and repealing Regulation (EC) No 194/2008 (Myanmar Sanctions Regime)
Clearstream Holding AG,(EU) 527/2014,Commission Delegated Regulation (EU) No 527/2014 of 12 March 2014 supplementing Directive (EU) No 2013/36/EU of the European Parliament and of the Council with regard to regulatory technical standards specifying the classes of instruments that adequately reflect the credit quality of an institution as a going concern and are appropriate to be used for the purposes of variable remuneration
Clearstream Holding AG,(EU) 575/2013 (CRR),Regulation (EU) No 575/2013 of the European Parliament and of the Council of 26 June 2013 on prudential requirements for credit institutions and investment firms and amending Regulation (EU) No 648/2012 (CRR)
Clearstream Holding AG,(EU) 596/2014 (MAR),"Regulation (EU) No 596/2014 of the European Parliament and of the Council of 16 April 2014 on market abuse (market abuse regulation) and repealing Directive 2003/6/EC of the European Parliament and of the Council and Commission Directives 2003/124/EC, 2003/125/EC and 2004/72/EC (MAR)"
Clearstream Holding AG,(EU) 692/2014,"Council Regulation (EU) No 692/2014 of 23 June 2014 concerning restrictions on the import into the Union of goods originating in Crimea or Sevastopol, in response to the illegal annexation of Crimea and Sevastopol (Russia Sanctions Regime - Restrictive measures in response to the illegal incorporation of Crimea and Sevastopol (Basic Regulation: Regulation (EU) No. 692/2014)."
Clearstream Holding AG,(EU) 710/2014,Commission Delegated Regulation (EU) No 710/2014 of 23 June 2014 laying down implementing technical standards with regard to conditions of application of the joint decision process for institution-specific prudential requirements according to Directive 2013/36/EU of the European Parliament and of the Council
Clearstream Holding AG,(EU) 747/2014,Council Regulation (EU) No 747/2014 of 10 July 2014 concerning restrictive measures in view of the situation in Sudan and repealing Regulations (EC) No 131/2004 and (EC) No 1184/2005 (Sudan Sanctions Regime)
Clearstream Holding AG,(EU) 753/2011,"Council Regulation (EU) No 753/2011 of 1 August 2011 concerning restrictive measures directed against certain individuals, groups, undertakings and entities in view of the situation in Afghanistan (Afghanistan Sanctions Regime)"
Clearstream Holding AG,(EU) 765/2006,Council Regulation (EC) No 765/2006 of 18 May 2006 concerning restrictive measures against President Lukashenko and certain officials of Belarus (Belarus Sanctions Regime)
Clearstream Holding AG,(EU) 806/2014,Regulation (EU) No 806/2014 of the European Parliament and of the Council of 15 July 2014 establishing uniform rules and a uniform procedure for the resolution of credit institutions and certain investment firms in the framework of a Single Resolution Mechanism and a Single Resolution Fund and amending Regulation (EU) No 1093/2010
Clearstream Holding AG,(EU) 833/2014,Council Regulation (EU) No 833/2014 of 31 July 2014 concerning restrictive measures in view of Russia's actions destabilising the situation in Ukraine (Russia Sanctions Regime - Restrictive measures related to Russia's actions that destabilize the situation in Ukraine (Basic Regulation: Regulation (EU) No. 833/2014))
Clearstream Holding AG,(EU) 881/2002,"Council Regulation (EC) No 881/2002 of 27 May 2002 imposing certain specific restrictive measures directed against certain persons and entities associated with Usama bin Laden, the Al-Qaida network and the Taliban, and repealing Council Regulation (EC) No 467/2001 prohibiting the export of certain goods and services to Afghanistan, strengthening the flight ban and extending the freeze of funds and other financial resources in respect of the Taliban of Afghanistan (Al-Qaida / ISIL (Da‘esh) Sanctions Regime)"
Clearstream Holding AG,01/2024 (MaResolvability),BaFin Circular 01/2024 (A) - Minimum requirements for resolvability within the scope of resolution planning (MaResolvability)
Clearstream Holding AG,03/2024 (MaStructural resolution tools),BaFin Circular 03/2024 (A) – Minimum requirements for implementing transfers during a resolution (MaStructural resolution tools)
Clearstream Holding AG,05/2015 (BA),"BaFin Rundschreiben 05/2015 (BA) - Umsetzung der EBA-Leitlinien zur Offenlegung: Umsetzung der EBA-Leitlinien zur Offenlegung zur Wesentlichkeit, zu Geschäftsgeheimnissen und vertraulichen Informationen sowie zur Häufigkeit der Offenlegung"
Clearstream Holding AG,05/2018 (WA) (MaComp),"BaFin Rundschreiben 05/2018 (WA) Mindestanforderungen an die Compliance-Funktion und weitere Verhaltens-, Organisations- und Transparenzpflichten (MaComp) [last updated on 26.09.2024]"
Clearstream Holding AG,06/2022 (BA),BaFin Circular 06/2022
Clearstream Holding AG,07/2011 (GW),BaFin Rundschreiben 7/2011 (GW) - Verwaltungspraxis zu § 25c Absätze 1 und 9 KWG (sonstige strafbare Handlungen)
Clearstream Holding AG,08/2016 (BA),BaFin Rundschreiben 08/2016 (BA) - Obergrenzen für Risikopositionen gegenüber Schattenbanken
Clearstream Holding AG,2013/36/EU (CRD),"Directive 2013/36/EU of the European Parliament and of the Council of 26 June 2013 on access to the activity of credit institutions and the prudential supervision of credit institutions and investment firms (CRD), amending Directive 2002/87/EC and repealing Directives 2006/48/EC and 2006/49/EC"
Clearstream Holding AG,2014/59/EU (BRRD),"Directive 2014/59/EU of the European Parliament and of the Council of 15 May 2014 establishing a framework for the recovery and resolution of credit institutions and investment firms and amending Council Directive 82/891/EEC, and Directives 2001/24/EC, 2002/47/EC, 2004/25/EC, 2005/56/EC, 2007/36/EC, 2011/35/EU, 2012/30/EU and 2013/36/EU, and Regulations (EU) No 1093/2010 and (EU) No 648/2012, of the European Parliament and of the Council (BRRD)"
Clearstream Holding AG,6/2016 (BA),BaFin Rundschreiben 6/2016 (BA) - Umsetzung der EBA-Leitlinien zur Offenlegung: Umsetzung der EBA-Leitlinien zur Offenlegung belasteter und unbelasteter Vermögenswerte
Clearstream Holding AG,AO,Abgabenordnung
Clearstream Holding AG,AWG,Außenwirtschaftsgesetz
Clearstream Holding AG,AWV,Außenwirtschaftsverordnung
Clearstream Holding AG,AktG,Aktiengesetz
Clearstream Holding AG,Anordnung Sanktionen BAnz AT 31.03.2026 B9,Anordnung von Beschränkungen des Kapital- und Zahlungsverkehrs mit bestimmten Personen oder Personengesellschaften BAnz AT 31.03.2026 B9 (Bundesministerium für Wirtschaft und Energie)
Clearstream Holding AG,AnzV,Verordnung über die Anzeigen und die Vorlage von Unterlagen nach dem Kreditwesengesetz (Anzeigenverordnung - AnzV)
Clearstream Holding AG,BCBS 195,BCBS 195 - Principles for the Sound Management of Operational Risk
Clearstream Holding AG,BCBS 238,BCBS 238 - The Liquidity Coverage Ratio and liquidity risk monitoring tools
Clearstream Holding AG,BCBS 368,BCBS 368 - Interest rate risk in the banking book
Clearstream Holding AG,BCBS 450,BCBS 450 - Stress testing principles
Clearstream Holding AG,BCBS 457,BCBS 457 - Minimum capital requirements for market risk
Clearstream Holding AG,BCBS Hedging of counterparty credit risk exposures,BCBS Hedging of counterparty credit risk exposures (Technical Amendment)
Clearstream Holding AG,BCBS Principles for the sound management of third party risk,Basel Committee on Banking Supervision (BCBS) - Principles for the sound management of third party risk in respect of the banking sector.
Clearstream Holding AG,BDSG,Bundesdatenschutzgesetz (BDSG)
Clearstream Holding AG,BSI-Gesetz,Gesetz über das Bundesamt für Sicherheit in der Informationstechnik (BSI-Gesetz – BSIG)
Clearstream Holding AG,BaFin / FIU Orientierungshilfe zum Verdachtsmeldewesen,Gemeinsame Orientierungshilfe der BaFin und der FIU zu den Begriffen „Unverzüglichkeit“ und „Vollständigkeit“ einer Verdachtsmeldung nach § 43 GwG
Clearstream Holding AG,BaFin Allgemeinverfügung Rückkauferlaubnis,"BaFin Allgemeinverfügung bezüglich der Erteilung der allgemeinen Erlaubnis gegenüber bestimmten Instituten in Bezug auf die Kündigung, Tilgung, Rückzahlung oder den Rückkauf berücksichtigungsfähiger Verbindlichkeiten vor deren vertraglicher Fälligkeit"
Clearstream Holding AG,BaFin Allgemeinverfügung bezüglich der Diversitätsanzeigen,BaFin Allgemeinverfügung bezüglich der Diversitätsanzeigen zum Meldestichtag 31.12.2024 aufgrund neuer EBA-Leitlinien (EBA/GL/2023/08)
Clearstream Holding AG,BaFin Aufsichtsmitteilung zu Auslagerungen an Cloud-Anbieter,BaFin Aufsichtsmitteilung zu Auslagerungen an Cloud-Anbieter
Clearstream Holding AG,BaFin Auslegungs- und Anwendungshinweise zum Geldwäschegesetz (AT),BaFin Auslegungs- und Anwendungshinweise zum Geldwäschegesetz (Allgemeiner Teil)
Clearstream Holding AG,BaFin Auslegungs- und Anwendungshinweise zum Geldwäschegesetz (BT Kreditinstitute),BaFin Auslegungs- und Anwendungshinweise zum Geldwäschegesetz (Besonderer Teil für Kreditinstitute)
Clearstream Holding AG,BaFin Circular 03/2026 (GW) (High risk countries),"Rundschreiben 03/2026 (GW) betreffend Drittstaaten, die in ihren Systemen zur Bekämpfung von Geldwäsche und Terrorismusfinanzierung strategische Mängel aufweisen, die wesentliche Risiken für das internationale Finanzsystem darstellen (Hochrisiko-Staaten)"
Clearstream Holding AG,BaFin Circular 04/2024 (GW) (High risk countries),"BaFin Rundschreiben 04/2024 (GW) betreffend Drittstaaten, die in ihren Systemen zur Bekämpfung von Geldwäsche und Terrorismusfinanzierung strategische Mängel aufweisen, die wesentliche Risiken für das internationale Finanzsystem darstellen (Hochrisiko-Staaten)"
Clearstream Holding AG,BaFin Circular 07/2025 (GW) (High risk countries),"BaFin Rundschreiben 07/2025 (GW) betreffend Drittstaaten, die in ihren Systemen zur Bekämpfung von Geldwäsche und Terrorismusfinanzierung strategische Mängel aufweisen, die wesentliche Risiken für das internationale Finanzsystem darstellen (Hochrisiko-Staaten)"
Clearstream Holding AG,BaFin Circular 08/2024 (GW) (High risk countries),"BaFin Rundschreiben 08/2024 (GW) betreffend Drittstaaten, die in ihren Systemen zur Bekämpfung von Geldwäsche und Terrorismusfinanzierung strategische Mängel aufweisen, die wesentliche Risiken für das internationale Finanzsystem darstellen (Hochrisiko-Staaten)."
Clearstream Holding AG,BaFin Circular 08/2025 (GW) (High risk countries),"BaFin Rundschreiben 08/2025 (GW) betreffend Drittstaaten, die in ihren Systemen zur Bekämpfung von Geldwäsche und Terrorismusfinanzierung strategische Mängel aufweisen, die wesentliche Risiken für das internationale Finanzsystem darstellen (Hochrisiko-Staaten)"
Clearstream Holding AG,BaFin Circular 10/2017 (BA) (BAIT),BaFin Rundschreiben 10/2017 (BA) Fassung vom 16.12.2024 - Bankaufsichtliche Anforderungen an die IT (BAIT)
Clearstream Holding AG,BaFin Circular 10/2024 (GW) (High risk countries),"BaFin Rundschreiben 10/2024 (GW) betreffend Drittstaaten, die in ihren Systemen zur Bekämpfung von Geldwäsche und Terrorismusfinanzierung strategische Mängel aufweisen, die wesentliche Risiken für das internationale Finanzsystem darstellen (Hochrisiko-Staaten)."
Clearstream Holding AG,BaFin Circular 11/2025 (BA) Fit and Proper (FAP),BaFin Rundschreiben 11/2025 zu den Mitgliedern der Geschäftsleitung sowie von Verwaltungs- und Aufsichtsorganen gemäß KWG (Fit and Proper (FAP)-Rundschreiben)
Clearstream Holding AG,BaFin Circular 12/2025 (A) MaBail-in,BaFin Circular 12/2025 (A) Mindestanforderungen zur Umsetzbarkeit eines Bail-in (MaBail-in)
Clearstream Holding AG,BaFin Circular 13/2025 (GW) (High risk countries),"Rundschreiben 13/2025 (GW) betreffend Drittstaaten, die in ihren Systemen zur Bekämpfung von Geldwäsche und Terrorismusfinanzierung strategische Mängel aufweisen, die wesentliche Risiken für das internationale Finanzsystem darstellen (Hochrisiko-Staaten)"
Clearstream Holding AG,BaFin General Decree (Allgemeinverfügung) zur Herabsetzung der Quote des inländischen antizyklischen Kapitalpuffers,BaFin General Decree (Allgemeinverfügung) zur Herabsetzung der Quote des inländischen antizyklischen Kapitalpuffers (31.03.2020)
Clearstream Holding AG,BaFin Merkblatt Bail-in-Implementierung,BaFin Merkblatt zur externen Bail-in-Implementierung
Clearstream Holding AG,BaFin Merkblatt zum Umgang mit Nachhaltigkeitsrisken,BaFin Merkblatt zum Umgang mit Nachhaltigkeitsrisken
Clearstream Holding AG,BaFin Merkblatt zur Sanierungsplanung,BaFin Merkblatt zur Sanierungsplanung
Clearstream Holding AG,BaFin Rundschreiben 02/2021,BaFin Rundschreiben 02/2021 - Mindestanforderungen an Informationssysteme zur Bereitstellung von Informationen für Bewertungen im Rahmen einer Abwicklung (MaBewertung)
Clearstream Holding AG,BaFin Rundschreiben 02/2025 (A),BaFin Rundschreiben 02/2025 (A) – Mindestanforderungen zur Umsetzbarkeit von Übertragungen in der Abwicklung (MaStrukturelle Abwicklungsinstrumente)
Clearstream Holding AG,BaFin Rundschreiben 06/2025 (BA),BaFin Rundschreiben 06/2025 (BA) zur Ausübung des Wahlrechtes nach Art. 495e CRR
Clearstream Holding AG,BaFin Rundschreiben 06/2026 (BA) (MaRisk),BaFin Rundschreiben 06/2026 (BA) - Mindestanforderungen an das Risikomanagement (MaRisk)
Clearstream Holding AG,BaFin Rundschreiben 3/2017 (GW) VideoIdent,BaFin Rundschreiben 3/2017 (GW) - Videoidentifizierungsverfahren
Clearstream Holding AG,Bundesbank - BaFin Joint ICAAP Guidelines,Risk-bearing capacity guideline Supervisory assessment of bank-internal capital adequacy concepts and their integration into the overall performance and risk management processes (ICAAP) – Updated version from the Bundesbank and BaFin
Clearstream Holding AG,COM/2019/370,REPORT FROM THE COMMISSION TO THE EUROPEAN PARLIAMENT AND THE COUNCIL on the assessment of the risk of money laundering and terrorist financing affecting the internal market and relating to cross-border activities (22.10.2022)
Clearstream Holding AG,CPMI 162,CPMI 162 - Recovery of financial market infrastructures - Revised Report
Clearstream Holding AG,Cyber resilience oversight expectations for financial market infrastructures (ECB December 2018) Advancing Level (BuBa),Cyber resilience oversight expectations for financial market infrastructures (ECB December 2018) Advancing Level (BuBa)
Clearstream Holding AG,EBA Reporting Framework,EBA Reporting Framework (Last version)
Clearstream Holding AG,EBA-ITS/2024/06,"EBA-ITS/2024/06 Final Report Implementing Technical Standards amending Commission Implementing Regulation (EU) 2021/451 on supervisory reporting referred to in Article 430 (7) of Regulation (EU) No 575/2013 (CRR) concerning output floor, credit risk, market risk, operational risk, crypto assets and leverage ratio"
Clearstream Holding AG,EBA/GL/2014/03,EBA/GL/2014/03 - Guidelines on Disclosure on Encumbered Assets
Clearstream Holding AG,EBA/GL/2014/06,EBA/GL/2014/06 - Guidelines on the range of scenarios to be used in recovery plans
Clearstream Holding AG,EBA/GL/2014/11,EBA/GL/2014/11 - Guidelines on the specification of measures to reduce or remove impediments to resolvability and the circumstances in which each measure may be applied under Directive 2014/59/EU
Clearstream Holding AG,EBA/GL/2014/14,"EBA/GL/2014/14 - Guidelines on materiality, proprietary and confidentiality and on disclosure frequency under Articles 432(1), 432(2) and 433 of Regulation (EU) No 575/2013"
Clearstream Holding AG,EBA/GL/2015/02,EBA/GL/2015/02 - Guidelines on the minimum list of qualitative and quantitative recovery plan indicators
Clearstream Holding AG,EBA/GL/2015/07,EBA/GL/2015/07 - Guidelines on the interpretation of the different circumstances when an institution shall be considered as failing or likely to fail under Article 32(6) of Directive 2014/59/EU
Clearstream Holding AG,EBA/GL/2015/17,EBA/GL/2015/17 - Guidelines specifying the conditions for group financial support under Article 23 of Directive 2014/59/EU
Clearstream Holding AG,EBA/GL/2016/11,EBA/GL/2016/11 - Guidelines on disclosure requirements under Part Eight of Regulation (EU) No 575/2013
Clearstream Holding AG,EBA/GL/2017/01,EBA/GL/2017/01 - Guidelines on LCR disclosure to complement the disclosure of liquidity risk management under Article 435 of Regulation (EU) No 575/2013
Clearstream Holding AG,EBA/GL/2017/05,EBA/GL/2017/05 - Final Report Guidelines on ICT Risk Assessment under the SREP
Clearstream Holding AG,EBA/GL/2018/04,EBA/GL/2018/04 - Guidelines on institutions’ stress testing
Clearstream Holding AG,EBA/GL/2019/02,EBA/GL/2019/02 Guidelines on outsourcing arrangements
Clearstream Holding AG,EBA/GL/2020/07,EBA/GL/2020/07 Guidelines on reporting and disclosure of exposures subject to measures applied in response to the COVID‐19 crisis
Clearstream Holding AG,EBA/GL/2021/06,Final Report joint ESMA and EBA Guidelines on the assessment of the suitability of members of the management body and key function holders under Directive 2013/36/EU and Directive 2014/65/EU
Clearstream Holding AG,EBA/GL/2022/03,EBA/GL/2022/03 - Final Report Guidelines on common procedures and methodologies for the supervisory review and evaluation process (SREP) and supervisory stress testing
Clearstream Holding AG,EBA/GL/2022/05,EBA Guidelines on the role of AML/CFT compliance officers
Clearstream Holding AG,EBA/GL/2022/06,"EBA/GL/2022/06 Final report on Guidelines on the benchmarking exercises on remuneration practices, the gender pay gap and approved higher ratios under Directive 2013/36/EU"
Clearstream Holding AG,EBA/GL/2022/08,EBA/GL/2022/08 Final report on Guidelines on the data collection exercises regarding high earners under Directive 2013/36/EU and under Directive (EU) 2019/2034
Clearstream Holding AG,EBA/GL/2022/14,"EBA/GL/2022/14 - Guidelines issued on the basis of Article 84 (6) of Directive 2013/36/EU specifying criteria for the identification, evaluation, management and mitigation of the risks arising from potential changes in interest rates and of the assessment and monitoring of credit spread risk, of institutions’ non-trading book activities"
Clearstream Holding AG,EBA/GL/2023/03,EBA Guidelines amending Guidelines on customer due diligence and the factors credit and financial institutions should consider when assessing the money laundering and terrorist financing risk associated with individual business relationships and occasional transactions (‘The ML/TF Risk Factors Guidelines’) under Articles 17 and 18(4) of Directive (EU) 2015/849
Clearstream Holding AG,EBA/GL/2023/05,EBA/GL/2023/05 - Guidelines amending Guidelines EBA/GL/2022/01 on improving resolvability for institutions and resolution authorities under articles 15 and 16 of Directive 2014/59/EU (Resolvability Guidelines) to introduce a new section on resolvability testing
Clearstream Holding AG,EBA/GL/2023/06,Guidelines on overall recovery capacity in recovery planning
Clearstream Holding AG,EBA/GL/2023/08,"Guidelines on benchmarking of diversity practices, including diversity policies and gender pay gap, under Directive 2013/36/EU and Directive (EU) 2019/2034"
Clearstream Holding AG,EBA/GL/2024/04,EBA/GL/2024/04 - Guidelines on resubmission of historical data under the EBA reporting framework
Clearstream Holding AG,EBA/GL/2024/14,"EBA/GL/2024/14 Two sets of Guidelines on internal policies, procedures and controls to ensure the implementation of Union and national restrictive measures"
Clearstream Holding AG,EBA/GL/2026/01,EBA/GL/2026/01 Guidelines on ancillary services undertakings specifying the criteria for the identification of activities referred to in Article 4(1)(18) of Regulation (EU) No 575/2013 (CRR)
Clearstream Holding AG,EBA/GL/2026/02,EBA/GL/2026/02 Guidelines on proportionate retail diversification methods under Article 123(1) of Regulation (EU) No 575/2013
Clearstream Holding AG,EBA/GL/2026/06,Guidelines (revised) on common procedures and methodologies for the supervisory review and evaluation process (SREP) and supervisory stress testing under Directive 2013/36/EU
Clearstream Holding AG,EBA/RTS/2016/03,EBA/RTS/2016/03 - on the specification of the assessment methodology for competent authorities regarding compliance of an institution with the requirements to use the IRB Approach
Clearstream Holding AG,EBA/RTS/2021/923,Technical Standards (RTS) for the identification of risk takers (EBA/RTS/2021/923)
Clearstream Holding AG,EBA/Rec/2017/02,EBA/Rec/2017/02 - Final Report on Recommendation on the coverage of entities in a group recovery plan
Clearstream Holding AG,EBA/XBRL/2026/06,EBA XBRL Filing Rules version 5.9
Clearstream Holding AG,ECB Guide on effective risk data aggregation and risk reporting,"ECB Guide on effective risk data aggregation and risk reporting in accordance with articles 74, 76, 88(1)(b) and 91 of Directive 2013/36/EU (CRD)."
Clearstream Holding AG,ECB Guide to internal models,ECB Guide to internal models
Clearstream Holding AG,ESEF XBRL-Taxonomy,ESEF XBRL-Taxonomy on reporting from the EBA/ESMA (last version)
Clearstream Holding AG,ESMA Guidelines on outsourcing to cloud providers,ESMA65-294529287-4737 Guidelines on outsourcing to cloud providers
Clearstream Holding AG,Erste Nationale Risikoanalyse 2018/2019,Erste Nationale Risikoanalyse 2018/2019
Clearstream Holding AG,FCPA,Foreign Corrupt Practices Act - FCPA
Clearstream Holding AG,FinaRisikoV,Finanz- und Risikotragfähigkeitsinformationenverordnung (FinaRisikoV)
Clearstream Holding AG,GOBD,"Grundsätze zur ordnungsmäßigen Führung und Aufbewahrung von Büchern, Aufzeichnungen und Unterlagen in elektronischer Form sowie zum Datenzugriff (GoBD), Schreiben des BMF vom 28.11.2019"
Clearstream Holding AG,GeschGehG,Gesetz zum Schutz von Geschäftsgeheimnissen (GeschGehG)
Clearstream Holding AG,GroMiKV,Großkredit- und Millionenkreditverordnung (GroMiKV)
Clearstream Holding AG,Guidance on cyber resilience for financial market infrastructures,Guidance on cyber resilience for financial market infrastructures
Clearstream Holding AG,GwG,Gesetz über das Aufspüren von Gewinnen aus schweren Straftaten
Clearstream Holding AG,GwG-Meldeverordnung,Verordnung über die Form von und die erforderlichen Angaben in Meldungen an die Zentralstelle für Finanztransaktionsuntersuchungen nach § 43 Absatz 1 und § 44 des Geldwäschegesetzes (GwG-Meldeverordnung – GwGMeldV)
Clearstream Holding AG,GwStrRVG,Gesetz zur Verbesserung der strafrechtlichen Bekämpfung der Geldwäsche
Clearstream Holding AG,HGB,Handelsgesetzbuch
Clearstream Holding AG,HinSchG,Gesetz für einen besseren Schutz hinweisgebender Personen
Clearstream Holding AG,ICAAP,ECB Guide to the internal capital adequacy assessment process (ICAAP) of November 2018
Clearstream Holding AG,ITSiG,IT-Sicherheitsgesetz 2.0 vom 18.Mai 2021
Clearstream Holding AG,InstitutsVergV,Verordnung über die aufsichtsrechtlichen Anforderungen an Vergütungssysteme von Instituten
Clearstream Holding AG,KWG,Gesetz über das Kreditwesen
Clearstream Holding AG,Leitlinien zur Bestimmung allgemeiner Kriterien für Ad-hoc-Publizitätspflichten und Aufschubmöglichkeiten für Kredit und Finanzinstitute betreffend bankaufsichtliches Handeln und Abwicklung,Leitlinien zur Bestimmung allgemeiner Kriterien für Ad-hoc-Publizitätspflichten und Aufschubmöglichkeiten für Kredit und Finanzinstitute betreffend bankaufsichtliches Handeln und Abwicklung
Clearstream Holding AG,MaSanV,Verordnung zu den Mindestanforderungen an Sanierungspläne für Institute (MaSanV)
Clearstream Holding AG,"Merkblatt für die Meldungen gemäß §§ 10,11 FinaRisikoV","Risikotragfähigkeitsinformationen Merkblatt für die Meldungen gemäß §§ 10,11 FinaRisikoV"
Clearstream Holding AG,Merkblatt zur Einhaltung von Finanzsanktionen,Merkblatt zur Einhaltung von Finansanktionen
Clearstream Holding AG,PEP List,"Prominent public functions at national level, at the level of International Organisations and at the level of the European Union Institutions and Bodies (C/2023/724)"
Clearstream Holding AG,PFMI,CPSS-IOSCO -Principles for financial market infrastructures (PFMI)
Clearstream Holding AG,SAG,Gesetz zur Sanierung und Abwicklung von Instituten und Finanzgruppen (Sanierungs- und Abwicklungsgesetz - SAG)
Clearstream Holding AG,SNRA,Supranational Risk Assessment
Clearstream Holding AG,SolvV,"Verordnung zur angemessenen Eigenmittelausstattung von Instituten, Institutsgruppen, Finanzholding-Gruppen und gemischten Finanzholding-Gruppen"
Clearstream Holding AG,StGB,Strafgesetzbuch
Clearstream Holding AG,Subnationale Risikoanalyse 2021/2022 (SRA 3.0),Subnationale Risikoanalyse 2021/2022 (SRA 3.0)
Clearstream Holding AG,UK Bribery Act,UK Bribery Act
Deutsche Boerse AG,(EU) 101/2011,"Council Regulation (EU) No 101/2011 of 4 February 2011 concerning restrictive measures directed against certain persons, entities and bodies in view of the situation in Tunisia (Tunisia Sanctions Regime)"
Deutsche Boerse AG,(EU) 1183/2005,Council Regulation (EC) No 1183/2005 of 18 July 2005 imposing certain specific restrictive measures directed against persons acting in violation of the arms embargo with regard to the Democratic Republic of the Congo (Democratic Republic of Congo Sanctions Regime)
Deutsche Boerse AG,(EU) 1210/2003,Council Regulation (EC) No 1210/2003 of 7 July 2003 concerning certain specific restrictions on economic and financial relations with Iraq and repealing Regulation (EC) No 2465/96 (Iraq Sanctions Regime)
Deutsche Boerse AG,(EU) 1284/2009,Council Regulation (EU) No 1284/2009 of 22 December 2009 imposing certain specific restrictive measures in respect of the Republic of Guinea (Guinea Sanctions Regime)
Deutsche Boerse AG,(EU) 1352/2014,Council Regulation (EU) No 1352/2014 of 18 December 2014 concerning restrictive measures in view of the situation in Yemen (Yemen Sanctions Regime)
Deutsche Boerse AG,(EU) 1412/2006,Council Regulation (EC) No 1412/2006 of 25 September 2006 concerning certain restrictive measures in respect of Lebanon (Lebanon Sanctions Regime)
Deutsche Boerse AG,(EU) 147/2003,Council Regulation (EC) No 147/2003 of 27 January 2003 concerning certain restrictive measures in respect of Somalia (Somalia Sanctions Regime)
Deutsche Boerse AG,(EU) 2015/1755,Council Regulation (EU) 2015/1755 of 1 October 2015 concerning restrictive measures in view of the situation in Burundi (Burundi Sanctions Regime)
Deutsche Boerse AG,(EU) 2015/735,"Council Regulation (EU) 2015/735 of 7 May 2015 concerning restrictive measures in respect of the situation in South Sudan, and repealing Regulation (EU) No 748/2014 (South Sudan Sanctions Regime)"
Deutsche Boerse AG,(EU) 2015/849,"Directive (EU) 2015/849 of the European Parliament and of the Council of 20 May 2015 on the prevention of the use of the financial system for the purposes of money laundering or terrorist financing, amending Regulation (EU) No 648/2012 of the European Parliament and of the Council, and repealing Directive 2005/60/EC of the European Parliament and of the Council and Commission Directive 2006/70/EC"
Deutsche Boerse AG,(EU) 2016/1055,Commission Implementing Regulation (EU) 2016/1055 of 29 June 2016 laying down implementing technical standards with regard to the technical means for appropriate public disclosure of inside information and for delaying the public disclosure of inside information in accordance with Regulation (EU) No 596/2014 of the European Parliament and of the Council
Deutsche Boerse AG,(EU) 2016/1675,Commission Delegated Regulation (EU) 2016/1675 of 14 July 2016 supplementing Directive (EU) 2015/849 of the European Parliament and of the Council by identifying high-risk third countries with strategic deficiencies
Deutsche Boerse AG,(EU) 2016/1686,"Regulation (EU) 2016/1686 of 20 September 2016 imposing additional restrictive measures directed against ISIL (Da'esh) and Al-Qaeda and natural and legal persons, entities or bodies associated with them (Al-Qaida / ISIL (Da‘esh) Sanctions Regime)"
Deutsche Boerse AG,(EU) 2016/44,Council Regulation (EU) 2016/44 of 18 January 2016 concerning restrictive measures in view of the situation in Libya and repealing Regulation (EU) No 204/2011 (Libya Sanctions Regime)
Deutsche Boerse AG,(EU) 2016/522,"Commission Delegated Regulation (EU) 2016/522 supplementing Regulation (EU) No 596/2014 as regards an exemption for certain third countries public bodies and central banks, the indicators of market manipulation, the disclosure thresholds, the competent authority for notifications of delays, the permission for trading during closed periods and types of notifiable managers' Transactions"
Deutsche Boerse AG,(EU) 2016/523,Commission Implementing Regulation (EU) 2016/523 of 10 March 2016 laying down implementing technical standards with regard to the format and template for notification and public disclosure of managers' transactions in accordance with Regulation (EU) No 596/2014 of the European Parliament and of the Council
Deutsche Boerse AG,(EU) 2016/679 (GDPR),"Regulation (EU) 2016/679 of the European Parliament and of the Council of 27 April 2016 on the protection of natural persons with regard to the processing of personal data and on the free movement of such data, and repealing Directive 95/46/EC (GDPR)"
Deutsche Boerse AG,(EU) 2016/957,"Commission Delegated Regulation (EU) 2016/957 of 9 March 2016 supplementing Regulation (EU) No 596/2014 of the European Parliament and of the Council with regard to regulatory technical standards for the appropriate arrangements, systems and procedures as well as notification templates to be used for preventing, detecting and reporting abusive practices or suspicious orders or transactions"
Deutsche Boerse AG,(EU) 2017/1509,Council Regulation (EU) 2017/1509 of 30 August 2017 concerning restrictive measures against the Democratic People's Republic of Korea and repealing Regulation (EC) No 329/2007 (Democratic People's Republic of Korea Sanctions Regime)
Deutsche Boerse AG,(EU) 2017/1770,Council Regulation (EU) 2017/1770 of 28 September 2017 concerning restrictive measures in view of the situation in Mali (Mali Sanctions Regime)
Deutsche Boerse AG,(EU) 2017/2063,Council Regulation (EU) 2017/2063 of 13 November 2017 concerning restrictive measures in view of the situation in Venezuela (Venezuela Sanctions Regime)
Deutsche Boerse AG,(EU) 2017/565,Commission Delegated Regulation (EU) 2017/565 of 25 April 2016 supplementing Directive 2014/65/EU of the European Parliament and of the Council as regards organisational requirements and operating conditions for investment firms and defined terms for the purposes of that Directive
Deutsche Boerse AG,(EU) 2018/1542,Council Regulation (EU) 2018/1542 of 15 October 2018 concerning restrictive measures against the proliferation and use of chemical weapons (Chemical Weapon Sanctions Regime)
Deutsche Boerse AG,(EU) 2019/1716,Council Regulation (EU) 2019/1716 of 14 October 2019 concerning restrictive measures in view of the situation in Nicaragua (Nicaragua Sanctions Regime)
Deutsche Boerse AG,(EU) 2019/1890,Council Regulation (EU) 2019/1890 of 11 November 2019 concerning restrictive measures in view of Turkey’s unauthorised drilling activities in the Eastern Mediterranean (Turkey Sanctions Regime)
Deutsche Boerse AG,(EU) 2019/758,Commission Delegated Regulation (EU) 2019/758 of 31 January 2019 supplementing Directive (EU) 2015/849 of the European Parliament and of the Council with regard to regulatory technical standards for the minimum action and the type of additional measures credit and financial institutions must take to mitigate money laundering and terrorist financing risk in certain third countries (4. EU Geldwäscherichtlinie- Drittländer)
Deutsche Boerse AG,(EU) 2019/796,Council Regulation (EU) 2019/796 of 17 May 2019 concerning restrictive measures against cyber-attacks threatening the Union or its Member States (Cyber Attacks Sanctions Regime)
Deutsche Boerse AG,(EU) 2020/1998,Council Regulation (EU) 2020/1998 of 7 December 2020 concerning restrictive measures against serious human rights violations and abuses (Human Rights Violations Sanctions Regime)
Deutsche Boerse AG,(EU) 2021/1275,Council Regulation (EU) 2021/1275 of 30 July 2021 concerning restrictive measures in view of the situation in Lebanon (Lebanon Sanctions Regime)
Deutsche Boerse AG,(EU) 2021/914,Commission Implementing Decision (EU) 2021/914 of 4 June 2021 on standard contractual clauses for the transfer of personal data to third countries pursuant to Regulation (EU) 2016/679 of the European Parliament and of the Council
Deutsche Boerse AG,(EU) 2021/915,Commission Implementing Decision (EU) 2021/915 of 4 June 2021 on standard contractual clauses between controllers and processors under Article 28(7) of Regulation (EU) 2016/679 of the European Parliament and of the Council and Article 29(7) of Regulation (EU) 2018/1725 of the European Parliament and of the Council
Deutsche Boerse AG,(EU) 2022/2309,Council Regulation (EU) 2022/2309 of 25 November 2022 concerning restrictive measures in view of the situation in HaitI (Haiti Sanctions Regime)
Deutsche Boerse AG,(EU) 2022/2554 (DORA),"REGULATION (EU) 2022/2554 OF THE EUROPEAN PARLIAMENT AND OF THE COUNCIL of 14 December 2022 on digital operational resilience for the financial sector and amending Regulations (EC) No 1060/2009, (EU) No 648/2012, (EU) No 600/2014, (EU) No 909/2014 and (EU) 2016/1011 [Digital Operational Resilience Act (DORA)]"
Deutsche Boerse AG,(EU) 2022/263,"Council Regulation (EU) 2022/263 of 23 February 2022 concerning restrictive measures in response to the recognition of the non-government controlled areas of the Donetsk and Luhansk oblasts of Ukraine and the ordering of Russian armed forces into those areas (Russia Sanctions Regime - Restrictive measures in response to the illegal recognition, occupation, or annexation by the Russian Federation of certain Ukrainian territories not controlled by the government (""Basic Regulation"": Regulation (EU) 2022/263)"
Deutsche Boerse AG,(EU) 2023/1219,Commission Delegated Regulation (EU) 2023/1219 of 17 May 2023 amending Delegated Regulation (EU) 2016/1675 as regards adding Nigeria and South Africa to the table in point I of the Annex and deleting Cambodia and Morocco from that table
Deutsche Boerse AG,(EU) 2023/1529,Council Regulation (EU) 2023/1529 of 20 July 2023 concerning restrictive measures in view of Iran’s military support of Russia’s war of aggression against Ukraine
Deutsche Boerse AG,(EU) 2023/1795,Commission Implementing Decision EU 2023/1795 of 10 July 2023 pursuant to Regulation (EU) 2016/679 of the European Parliament and of the Council on the adequate level of protection of personal data under the EU-US Data Privacy Framework
Deutsche Boerse AG,(EU) 2023/2070,Commission Delegated Regulation (EU) 2023/2070 of 18 August 2023 amending Delegated Regulation (EU) 2016/1675 to add Cameroon and Vietnam to the list of high-risk third countries
Deutsche Boerse AG,(EU) 2023/2147,Council Regulation (EU) 2023/2147 of 9 October 2023 concerning restrictive measures in view of activities undermining the stability and political transition of Sudan
Deutsche Boerse AG,(EU) 2023/2406,Council Regulation (EU) 2023/2406 of 23 October 2023 concerning restrictive measures in view of the situation in Niger
Deutsche Boerse AG,(EU) 2023/410,"Commission Delegated Regulation (EU) 2023/410 of 19 December 2022 amending Delegated Regulation (EU) 2016/1675 as regards adding the Democratic Republic of the Congo, Gibraltar, Mozambique, Tanzania and the United Arab Emirates to Table I of the Annex to Delegated Regulation (EU) 2016/1675"
Deutsche Boerse AG,(EU) 2023/888,Council Regulation (EU) 2023/888 of 28 April 2023 concerning restrictive measures in view of actions destabilising the Republic of Moldova (Moldovan Sanctions Regime- Restrictive measures against individuals with Moldovan or Russian nationality that have engaged in destabilising activities)
Deutsche Boerse AG,(EU) 2024/1485,Regulation (EU) 2024/1485 of 27 May 2024 concerning restrictive measures in view of the situation in Russia
Deutsche Boerse AG,(EU) 2024/1772,"Regulation (EU) 2024/1772 of 13 March 2024 supplementing Regulation (EU) 2022/2554 of the European Parliament and of the Council with regard to regulatory technical standards specifying the criteria for the classification of ICT-related incidents and cyber threats, setting out materiality thresholds and specifying the details of reports of major incidents."
Deutsche Boerse AG,(EU) 2024/1773,Regulation (EU) 2024/1773 of 13 March 2024 supplementing Regulation (EU) 2022/2554 of the European Parliament and of the Council with regard to regulatory technical standards specifying the detailed content of the policy regarding contractual arrangements on the use of ICT services supporting critical or important functions provided by ICT third-party service providers
Deutsche Boerse AG,(EU) 2024/1774,"Regulation (EU) 2024/1774 of 13 March 2024 supplementing Regulation (EU) 2022/2554 of the European Parliament and of the Council with regard to regulatory technical standards specifying ICT risk management tools, methods, processes, and policies and the simplified ICT risk management framework"
Deutsche Boerse AG,(EU) 2024/2642,Regulation (EU) 2024/2642 of 8 October 2024 concerning restrictive measures in view of Russia’s destabilizing activities
Deutsche Boerse AG,(EU) 2024/287,Council Regulation (EU) 2024/287 of 12 January 2024 concerning restrictive measures in view of the situation in Guatemala
Deutsche Boerse AG,(EU) 2024/2956,Regulation (EU) 2024/2956 of 29 November 2024 laying down implementing technical standards for the application of Regulation (EU) 2022/2554 (DORA) of the European Parliament and of the Council with regard to standard templates for the register of information
Deutsche Boerse AG,(EU) 2024/386,"Regulation (EU) 2024/386 of 19 January 2024 establishing restrictive measures against Hamas and Palestinian Islamic Jihad and those who support, facilitate or enable their violent actions"
Deutsche Boerse AG,(EU) 2025/2600,Council Regulation (EU) 2025/2600 of 12 December 2025 on emergency measures addressing the serious economic difficulties caused by Russia’s actions in the context of the war of aggression against Ukraine.
Deutsche Boerse AG,(EU) 2025/301,"Regulation (EU) 2025/301 of 23 October 2024 supplementing Regulation (EU) 2022/2554 (DORA) of the European Parliament and of the Council with regard to regulatory technical standards specifying the content and time limits for the initial notification of, and intermediate and final report on, major ICT-related incidents, and the content of the voluntary notification for significant cyber threats"
Deutsche Boerse AG,(EU) 2025/302,"Regulation (EU) 2025/302 of 23 October 2024 laying down implementing technical standards for the application of Regulation (EU) 2022/2554 (DORA) of the European Parliament and of the Council with regard to the standard forms, templates, and procedures for financial entities to report a major ICT-related incident and to notify a significant cyber threat"
Deutsche Boerse AG,(EU) 2025/532,Regulation (EU) 2025/532 of 24 March 2025 supplementing Regulation (EU) 2022/2554 of the European Parliament and of the Council with regard to regulatory technical standards specifying the elements that a financial entity has to determine and assess when subcontracting ICT services supporting critical or important functions
Deutsche Boerse AG,(EU) 2026/1291,"Regulation (EU) 2026/1291 of 12 June 2026 laying down implementing technical standards for the application of Regulation (EU) No 596/2014 (MAR) of the European Parliament and of the Council with regard to the format of insider lists, and repealing Commission Implementing Regulation (EU) 2022/1210"
Deutsche Boerse AG,(EU) 2026/261,"Regulation (EU) 2026/261 of the European Parliament and of the Council of 26 January 2026 on phasing out Russian natural gas imports and preparing the phase-out of Russian oil imports, improving monitoring of potential energy dependencies and amending Regulation (EU) 2017/1938"
Deutsche Boerse AG,(EU) 208/2014,"Council Regulation (EU) No 208/2014 of 5 March 2014 concerning restrictive measures directed against certain persons, entities and bodies in view of the situation in Ukraine (Russia Sanctions Regime - Restrictive measures related to the situation in Ukraine (""Basic Regulation"": Regulation (EU) No. 208/2014)"
Deutsche Boerse AG,(EU) 224/2014,Council Regulation (EU) No 224/2014 of 10 March 2014 concerning restrictive measures in view of the situation in the Central African Republic (Central African Republic Sanctions Regime)
Deutsche Boerse AG,(EU) 236/2012,Regulation (EU) No 236/2012 of the European Parliament and of the Council of 14 March 2012 on short selling and certain aspects of credit default swaps
Deutsche Boerse AG,(EU) 2580/2001,Council Regulation (EC) No 2580/2001 of 27 December 2001 on specific restrictive measures directed against certain persons and entities with a view to combating terrorism
Deutsche Boerse AG,(EU) 267/2012,Council Regulation (EU) No 267/2012 of 23 March 2012 concerning restrictive measures against Iran and repealing Regulation (EU) No 961/2010 (Iran Sanctions Regime)
Deutsche Boerse AG,(EU) 269/2014,"Council Regulation (EU) No 269/2014 of 17 March 2014 concerning restrictive measures in respect of actions undermining or threatening the territorial integrity, sovereignty and independence of Ukraine (Russia Sanctions Regime - Restrictive measures in view of the threat to the territorial integrity of Ukraine (Basic Regulation: Regulation (EU) No. 269/2014)."
Deutsche Boerse AG,(EU) 305/2006,Council Regulation (EC) No 305/2006 of 21 February 2006 imposing specific restrictive measures against certain persons suspected of involvement in the assassination of former Lebanese Prime Minister Rafiq Hariri (Lebanon Sanctions Regime)
Deutsche Boerse AG,(EU) 314/2004,Regulation (EC) No 314/2004 of 19 February 2004 concerning an arms embargo in view of the situation in Zimbabwe (Zimbabwe Sanctions Regime)
Deutsche Boerse AG,(EU) 3541/92,"Council Regulation (EEC) No 3541/92 of 7 December 1992 prohibiting the satisfying of Iraqi claims with regard to contracts and transactions, the performance of which was affected by United Nations Security Council Resolution 661 (1990) and related resolutions (Iraq Sanctions Regime)"
Deutsche Boerse AG,(EU) 356/2010,"Council Regulation (EU) No 356/2010 of 26 April 2010 imposing certain specific restrictive measures directed against certain natural or legal persons, entities or bodies, in view of the situation in Somali (Somalia Sanctions Regime)"
Deutsche Boerse AG,(EU) 359/2011,"Council Regulation (EU) No 359/2011 of 12 April 2011 concerning restrictive measures directed against certain persons, entities and bodies in view of the situation in Iran (Iran Sanctions Regime)"
Deutsche Boerse AG,(EU) 36/2012,Council Regulation (EU) No 36/2012 of 18 January 2012 concerning restrictive measures in view of the situation in Syria and repealing Regulation (EU) No 442/2011 (Syria Sanctions Regime)
Deutsche Boerse AG,(EU) 377/2012,"Council Regulation (EU) No 377/2012 of 3 May 2012 concerning restrictive measures directed against certain persons, entities and bodies threatening the peace, security or stability of the Republic of Guinea-Bissau (Republic of Guinea-Bissau Sanctions Regime)"
Deutsche Boerse AG,(EU) 401/2013,Council Regulation (EU) No 401/2013 of 2 May 2013 concerning restrictive measures in respect of Myanmar/Burma and repealing Regulation (EC) No 194/2008 (Myanmar Sanctions Regime)
Deutsche Boerse AG,(EU) 596/2014 (MAR),"Regulation (EU) No 596/2014 of the European Parliament and of the Council of 16 April 2014 on market abuse (market abuse regulation) and repealing Directive 2003/6/EC of the European Parliament and of the Council and Commission Directives 2003/124/EC, 2003/125/EC and 2004/72/EC (MAR)"
Deutsche Boerse AG,(EU) 648/2012 (EMIR),"Regulation (EU) No 648/2012 of the European Parliament and of the Council of 4 July 2012 on OTC derivatives, central counterparties and trade repositories (EMIR)"
Deutsche Boerse AG,(EU) 692/2014,"Council Regulation (EU) No 692/2014 of 23 June 2014 concerning restrictions on the import into the Union of goods originating in Crimea or Sevastopol, in response to the illegal annexation of Crimea and Sevastopol (Russia Sanctions Regime - Restrictive measures in response to the illegal incorporation of Crimea and Sevastopol (Basic Regulation: Regulation (EU) No. 692/2014)."
Deutsche Boerse AG,(EU) 747/2014,Council Regulation (EU) No 747/2014 of 10 July 2014 concerning restrictive measures in view of the situation in Sudan and repealing Regulations (EC) No 131/2004 and (EC) No 1184/2005 (Sudan Sanctions Regime)
Deutsche Boerse AG,(EU) 753/2011,"Council Regulation (EU) No 753/2011 of 1 August 2011 concerning restrictive measures directed against certain individuals, groups, undertakings and entities in view of the situation in Afghanistan (Afghanistan Sanctions Regime)"
Deutsche Boerse AG,(EU) 765/2006,Council Regulation (EC) No 765/2006 of 18 May 2006 concerning restrictive measures against President Lukashenko and certain officials of Belarus (Belarus Sanctions Regime)
Deutsche Boerse AG,(EU) 833/2014,Council Regulation (EU) No 833/2014 of 31 July 2014 concerning restrictive measures in view of Russia's actions destabilising the situation in Ukraine (Russia Sanctions Regime - Restrictive measures related to Russia's actions that destabilize the situation in Ukraine (Basic Regulation: Regulation (EU) No. 833/2014))
Deutsche Boerse AG,(EU) 881/2002,"Council Regulation (EC) No 881/2002 of 27 May 2002 imposing certain specific restrictive measures directed against certain persons and entities associated with Usama bin Laden, the Al-Qaida network and the Taliban, and repealing Council Regulation (EC) No 467/2001 prohibiting the export of certain goods and services to Afghanistan, strengthening the flight ban and extending the freeze of funds and other financial resources in respect of the Taliban of Afghanistan (Al-Qaida / ISIL (Da‘esh) Sanctions Regime)"
Deutsche Boerse AG,05/2018 (WA) (MaComp),"BaFin Rundschreiben 05/2018 (WA) Mindestanforderungen an die Compliance-Funktion und weitere Verhaltens-, Organisations- und Transparenzpflichten (MaComp) [last updated on 26.09.2024]"
Deutsche Boerse AG,AWG,Außenwirtschaftsgesetz
Deutsche Boerse AG,AWV,Außenwirtschaftsverordnung
Deutsche Boerse AG,Act on personal data processing (Czech Republic),Act on personal data processing of 12 March 2019 (Czech Republic)
Deutsche Boerse AG,Act on personal data protection (Belgium),Act on the protection of natural persons with regard to the processing of personal data as of 30.07.2018 (Belgium)
Deutsche Boerse AG,AktG,Aktiengesetz
Deutsche Boerse AG,Anordnung Sanktionen BAnz AT 31.03.2026 B9,Anordnung von Beschränkungen des Kapital- und Zahlungsverkehrs mit bestimmten Personen oder Personengesellschaften BAnz AT 31.03.2026 B9 (Bundesministerium für Wirtschaft und Energie)
Deutsche Boerse AG,BDSG,Bundesdatenschutzgesetz (BDSG)
Deutsche Boerse AG,BSI-Gesetz,Gesetz über das Bundesamt für Sicherheit in der Informationstechnik (BSI-Gesetz – BSIG)
Deutsche Boerse AG,BSI-KritisV,Verordnung zur Bestimmung Kritischer Infrastrukturen nach dem BSI-Gesetz
Deutsche Boerse AG,BaFin / FIU Orientierungshilfe zum Verdachtsmeldewesen,Gemeinsame Orientierungshilfe der BaFin und der FIU zu den Begriffen „Unverzüglichkeit“ und „Vollständigkeit“ einer Verdachtsmeldung nach § 43 GwG
Deutsche Boerse AG,"BaFin Allgemeinverfügung zur Anhebung des Schwellenwertes auf 50.000,00 EUR nach Art. 19 Abs. 9 der Verordnung (EU) Nr. 596/2014","BaFin Allgemeinverfügung zur Anhebung des Schwellenwertes auf 50.000,00 EUR nach Art. 19 Abs. 9 der Verordnung (EU) Nr. 596/2014 für zu meldende Eigengeschäfte nach Art. 19 Abs. 1, 8 der Verordnung (EU) Nr. 596/2014"
Deutsche Boerse AG,BaFin Auslegungs- und Anwendungshinweise zum Geldwäschegesetz (AT),BaFin Auslegungs- und Anwendungshinweise zum Geldwäschegesetz (Allgemeiner Teil)
Deutsche Boerse AG,BaFin Circular 03/2026 (GW) (High risk countries),"Rundschreiben 03/2026 (GW) betreffend Drittstaaten, die in ihren Systemen zur Bekämpfung von Geldwäsche und Terrorismusfinanzierung strategische Mängel aufweisen, die wesentliche Risiken für das internationale Finanzsystem darstellen (Hochrisiko-Staaten)"
Deutsche Boerse AG,BaFin Circular 04/2024 (GW) (High risk countries),"BaFin Rundschreiben 04/2024 (GW) betreffend Drittstaaten, die in ihren Systemen zur Bekämpfung von Geldwäsche und Terrorismusfinanzierung strategische Mängel aufweisen, die wesentliche Risiken für das internationale Finanzsystem darstellen (Hochrisiko-Staaten)"
Deutsche Boerse AG,BaFin Circular 07/2025 (GW) (High risk countries),"BaFin Rundschreiben 07/2025 (GW) betreffend Drittstaaten, die in ihren Systemen zur Bekämpfung von Geldwäsche und Terrorismusfinanzierung strategische Mängel aufweisen, die wesentliche Risiken für das internationale Finanzsystem darstellen (Hochrisiko-Staaten)"
Deutsche Boerse AG,BaFin Circular 08/2024 (GW) (High risk countries),"BaFin Rundschreiben 08/2024 (GW) betreffend Drittstaaten, die in ihren Systemen zur Bekämpfung von Geldwäsche und Terrorismusfinanzierung strategische Mängel aufweisen, die wesentliche Risiken für das internationale Finanzsystem darstellen (Hochrisiko-Staaten)."
Deutsche Boerse AG,BaFin Circular 08/2025 (GW) (High risk countries),"BaFin Rundschreiben 08/2025 (GW) betreffend Drittstaaten, die in ihren Systemen zur Bekämpfung von Geldwäsche und Terrorismusfinanzierung strategische Mängel aufweisen, die wesentliche Risiken für das internationale Finanzsystem darstellen (Hochrisiko-Staaten)"
Deutsche Boerse AG,BaFin Circular 10/2024 (GW) (High risk countries),"BaFin Rundschreiben 10/2024 (GW) betreffend Drittstaaten, die in ihren Systemen zur Bekämpfung von Geldwäsche und Terrorismusfinanzierung strategische Mängel aufweisen, die wesentliche Risiken für das internationale Finanzsystem darstellen (Hochrisiko-Staaten)."
Deutsche Boerse AG,BaFin Circular 11/2025 (BA) Fit and Proper (FAP),BaFin Rundschreiben 11/2025 zu den Mitgliedern der Geschäftsleitung sowie von Verwaltungs- und Aufsichtsorganen gemäß KWG (Fit and Proper (FAP)-Rundschreiben)
Deutsche Boerse AG,BaFin Circular 13/2025 (GW) (High risk countries),"Rundschreiben 13/2025 (GW) betreffend Drittstaaten, die in ihren Systemen zur Bekämpfung von Geldwäsche und Terrorismusfinanzierung strategische Mängel aufweisen, die wesentliche Risiken für das internationale Finanzsystem darstellen (Hochrisiko-Staaten)"
Deutsche Boerse AG,"BaFin Management, classification and reporting of ICT-related incidents","BaFin Management, classification and reporting of ICT-related incidents (BaFin information on Chapter III, Articles 17 to 23 of DORA)"
Deutsche Boerse AG,BörsG,Börsengesetz
Deutsche Boerse AG,Börsenordnung,Börsenordnung für die Frankfurter Wertpapierbörse
Deutsche Boerse AG,COM/2019/370,REPORT FROM THE COMMISSION TO THE EUROPEAN PARLIAMENT AND THE COUNCIL on the assessment of the risk of money laundering and terrorist financing affecting the internal market and relating to cross-border activities (22.10.2022)
Deutsche Boerse AG,Data Protection Act (France),Data Protection Act 2019 (France)
Deutsche Boerse AG,Data Protection Act (Ireland),Data Protection Act 2018 (Ireland)
Deutsche Boerse AG,EBA/GL/2022/15,EBA/GL/2022/15 - Guidelines on the use of Remote Customer Onboarding Solutions under Article 13(1) of Directive (EU) 2015/849
Deutsche Boerse AG,EBA/GL/2023/03,EBA Guidelines amending Guidelines on customer due diligence and the factors credit and financial institutions should consider when assessing the money laundering and terrorist financing risk associated with individual business relationships and occasional transactions (‘The ML/TF Risk Factors Guidelines’) under Articles 17 and 18(4) of Directive (EU) 2015/849
Deutsche Boerse AG,ESMA70-159-4966,MAR Guidelines Delay in the disclosure of inside information and interactions with prudential supervision
Deutsche Boerse AG,ESMA74-362-2281,ESMA74-362-2281 ESMA Guidelines for reporting under EMIR
Deutsche Boerse AG,ESMA74-362-2351,Guidelines on transfer of data between Trade Repositories under EMIR and SFTR - ESMA74-362-2351
Deutsche Boerse AG,Erste Nationale Risikoanalyse 2018/2019,Erste Nationale Risikoanalyse 2018/2019
Deutsche Boerse AG,FCPA,Foreign Corrupt Practices Act - FCPA
Deutsche Boerse AG,GwG,Gesetz über das Aufspüren von Gewinnen aus schweren Straftaten
Deutsche Boerse AG,GwG-Meldeverordnung,Verordnung über die Form von und die erforderlichen Angaben in Meldungen an die Zentralstelle für Finanztransaktionsuntersuchungen nach § 43 Absatz 1 und § 44 des Geldwäschegesetzes (GwG-Meldeverordnung – GwGMeldV)
Deutsche Boerse AG,HDSIG,Hessische Datenschutz- und Informationsfreiheitsgesetz (HDSIG)
Deutsche Boerse AG,HinSchG,Gesetz für einen besseren Schutz hinweisgebender Personen
Deutsche Boerse AG,InhKontrollV,Verordnung über die Anzeigen nach § 2c des Kreditwesengesetzes und § 17 des Versicherungsaufsichtsgesetzes (Inhaberkontrollverordnung - InhKontrollV)
Deutsche Boerse AG,JC/GL/2024/34 GL on major ICT-related incidents under DORA,Joint Guidelines on estimation of aggregated annual costs and losses caused by major ICT-related incidents under Regulation (EU) 2022/2554 (DORA) (EBA/ESMA/EOPA) (JC/GL/2024/34)
Deutsche Boerse AG,KWG,Gesetz über das Kreditwesen
Deutsche Boerse AG,Law No. 40/2009 Coll. Criminal Code,Law No. 40/2009 Coll. Criminal Code (Czech law)
Deutsche Boerse AG,Law No. 418/2011 Coll. Corporate Criminal Liability Act,Law No. 418/2011 Coll. Corporate Criminal Liability Act (Czech law)
Deutsche Boerse AG,Lux Law of 1 August 2018 (7184),"Luxembourg Law of 1 August 2018 on the organisation of the National Data Protection Commission, implementing Regulation (EU) 2016/679 of the European Parliament and of the Council of 27 April 2016 on the protection of natural persons with regard to the processing of personal data and on the free movement of such data"
Deutsche Boerse AG,Merkblatt zur Einhaltung von Finanzsanktionen,Merkblatt zur Einhaltung von Finansanktionen
Deutsche Boerse AG,PEP List,"Prominent public functions at national level, at the level of International Organisations and at the level of the European Union Institutions and Bodies (C/2023/724)"
Deutsche Boerse AG,Regulation (EU) 2019/815,Regulation (EU) 2019/815 of 17 December 2018 supplementing Directive 2004/109/EC of the European Parliament and of the Council with regard to regulatory technical standards on the specification of a single electronic reporting format
Deutsche Boerse AG,SNRA,Supranational Risk Assessment
Deutsche Boerse AG,StGB,Strafgesetzbuch
Deutsche Boerse AG,Subnationale Risikoanalyse 2021/2022 (SRA 3.0),Subnationale Risikoanalyse 2021/2022 (SRA 3.0)
Deutsche Boerse AG,UK Bribery Act,UK Bribery Act
Deutsche Boerse AG,UK Data Protection 2019,"UK Data Protection, Privacy and Electronic Communications 2019"
Deutsche Boerse AG,UK Data Protection Act 2018,UK Data Protection Act 2018
Deutsche Boerse AG,WpAV,Wertpapierhandelsanzeigeverordnung (WpAV)
Deutsche Boerse AG,WpHG,Gesetz über den Wertpapierhandel
Deutsche Boerse AG,WpIG,Gesetz zur Beaufsichtigung von Wertpapierinstituten
Eurex Clearing AG,(EU) 101/2011,"Council Regulation (EU) No 101/2011 of 4 February 2011 concerning restrictive measures directed against certain persons, entities and bodies in view of the situation in Tunisia (Tunisia Sanctions Regime)"
Eurex Clearing AG,(EU) 1183/2005,Council Regulation (EC) No 1183/2005 of 18 July 2005 imposing certain specific restrictive measures directed against persons acting in violation of the arms embargo with regard to the Democratic Republic of the Congo (Democratic Republic of Congo Sanctions Regime)
Eurex Clearing AG,(EU) 1210/2003,Council Regulation (EC) No 1210/2003 of 7 July 2003 concerning certain specific restrictions on economic and financial relations with Iraq and repealing Regulation (EC) No 2465/96 (Iraq Sanctions Regime)
Eurex Clearing AG,(EU) 1249/2012,"Regulation (EU) No 1249/2012 of 19 December 2012 laying down implementing technical standards with regard to the format of the records to be maintained by central counterparties according to Regulation (EU) No 648/2012 of the European Parliament and of the Council on OTC derivatives, central counterparties and trade repositories (ESMA ITS)"
Eurex Clearing AG,(EU) 1284/2009,Council Regulation (EU) No 1284/2009 of 22 December 2009 imposing certain specific restrictive measures in respect of the Republic of Guinea (Guinea Sanctions Regime)
Eurex Clearing AG,(EU) 1352/2014,Council Regulation (EU) No 1352/2014 of 18 December 2014 concerning restrictive measures in view of the situation in Yemen (Yemen Sanctions Regime)
Eurex Clearing AG,(EU) 1412/2006,Council Regulation (EC) No 1412/2006 of 25 September 2006 concerning certain restrictive measures in respect of Lebanon (Lebanon Sanctions Regime)
Eurex Clearing AG,(EU) 147/2003,Council Regulation (EC) No 147/2003 of 27 January 2003 concerning certain restrictive measures in respect of Somalia (Somalia Sanctions Regime)
Eurex Clearing AG,(EU) 152/2013,Commission Delegated Regulation (EU) No 152/2013 of 19 December 2012 supplementing Regulation (EU) No 648/2012 of the European Parliament and of the Council with regard to regulatory technical standards on requirements for central counterparties
Eurex Clearing AG,(EU) 153/2013,Commission Delegated Regulation (EU) No 153/2013 of 19 December 2012 supplementing Regulation (EU) No 648/2012 of the European Parliament and of the Council with regard to regulatory technical standards on requirements for central counterparties
Eurex Clearing AG,(EU) 2015/1755,Council Regulation (EU) 2015/1755 of 1 October 2015 concerning restrictive measures in view of the situation in Burundi (Burundi Sanctions Regime)
Eurex Clearing AG,(EU) 2015/2365 (SFTR),Regulation (EU) 2015/2365 of the European Parliament and of the Council of 25 November 2015 on transparency of securities financing transactions and of reuse and amending Regulation (EU) No 648/2012 (SFTR)
Eurex Clearing AG,(EU) 2015/735,"Council Regulation (EU) 2015/735 of 7 May 2015 concerning restrictive measures in respect of the situation in South Sudan, and repealing Regulation (EU) No 748/2014 (South Sudan Sanctions Regime)"
Eurex Clearing AG,(EU) 2015/849,"Directive (EU) 2015/849 of the European Parliament and of the Council of 20 May 2015 on the prevention of the use of the financial system for the purposes of money laundering or terrorist financing, amending Regulation (EU) No 648/2012 of the European Parliament and of the Council, and repealing Directive 2005/60/EC of the European Parliament and of the Council and Commission Directive 2006/70/EC"
Eurex Clearing AG,(EU) 2016/1675,Commission Delegated Regulation (EU) 2016/1675 of 14 July 2016 supplementing Directive (EU) 2015/849 of the European Parliament and of the Council by identifying high-risk third countries with strategic deficiencies
Eurex Clearing AG,(EU) 2016/1686,"Regulation (EU) 2016/1686 of 20 September 2016 imposing additional restrictive measures directed against ISIL (Da'esh) and Al-Qaeda and natural and legal persons, entities or bodies associated with them (Al-Qaida / ISIL (Da‘esh) Sanctions Regime)"
Eurex Clearing AG,(EU) 2016/44,Council Regulation (EU) 2016/44 of 18 January 2016 concerning restrictive measures in view of the situation in Libya and repealing Regulation (EU) No 204/2011 (Libya Sanctions Regime)
Eurex Clearing AG,(EU) 2016/679 (GDPR),"Regulation (EU) 2016/679 of the European Parliament and of the Council of 27 April 2016 on the protection of natural persons with regard to the processing of personal data and on the free movement of such data, and repealing Directive 95/46/EC (GDPR)"
Eurex Clearing AG,(EU) 2016/957,"Commission Delegated Regulation (EU) 2016/957 of 9 March 2016 supplementing Regulation (EU) No 596/2014 of the European Parliament and of the Council with regard to regulatory technical standards for the appropriate arrangements, systems and procedures as well as notification templates to be used for preventing, detecting and reporting abusive practices or suspicious orders or transactions"
Eurex Clearing AG,(EU) 2017/1509,Council Regulation (EU) 2017/1509 of 30 August 2017 concerning restrictive measures against the Democratic People's Republic of Korea and repealing Regulation (EC) No 329/2007 (Democratic People's Republic of Korea Sanctions Regime)
Eurex Clearing AG,(EU) 2017/1770,Council Regulation (EU) 2017/1770 of 28 September 2017 concerning restrictive measures in view of the situation in Mali (Mali Sanctions Regime)
Eurex Clearing AG,(EU) 2017/2063,Council Regulation (EU) 2017/2063 of 13 November 2017 concerning restrictive measures in view of the situation in Venezuela (Venezuela Sanctions Regime)
Eurex Clearing AG,(EU) 2017/565,Commission Delegated Regulation (EU) 2017/565 of 25 April 2016 supplementing Directive 2014/65/EU of the European Parliament and of the Council as regards organisational requirements and operating conditions for investment firms and defined terms for the purposes of that Directive
Eurex Clearing AG,(EU) 2017/584,Commission Delegated Regulation (EU) 2017/584 of 14 July 2016 supplementing Directive 2014/65/EU of the European Parliament and of the Council with regard to regulatory technical standards specifying organisational requirements of trading venues
Eurex Clearing AG,(EU) 2018/1542,Council Regulation (EU) 2018/1542 of 15 October 2018 concerning restrictive measures against the proliferation and use of chemical weapons (Chemical Weapon Sanctions Regime)
Eurex Clearing AG,(EU) 2019/1716,Council Regulation (EU) 2019/1716 of 14 October 2019 concerning restrictive measures in view of the situation in Nicaragua (Nicaragua Sanctions Regime)
Eurex Clearing AG,(EU) 2019/1890,Council Regulation (EU) 2019/1890 of 11 November 2019 concerning restrictive measures in view of Turkey’s unauthorised drilling activities in the Eastern Mediterranean (Turkey Sanctions Regime)
Eurex Clearing AG,(EU) 2019/758,Commission Delegated Regulation (EU) 2019/758 of 31 January 2019 supplementing Directive (EU) 2015/849 of the European Parliament and of the Council with regard to regulatory technical standards for the minimum action and the type of additional measures credit and financial institutions must take to mitigate money laundering and terrorist financing risk in certain third countries (4. EU Geldwäscherichtlinie- Drittländer)
Eurex Clearing AG,(EU) 2019/796,Council Regulation (EU) 2019/796 of 17 May 2019 concerning restrictive measures against cyber-attacks threatening the Union or its Member States (Cyber Attacks Sanctions Regime)
Eurex Clearing AG,(EU) 2020/1998,Council Regulation (EU) 2020/1998 of 7 December 2020 concerning restrictive measures against serious human rights violations and abuses (Human Rights Violations Sanctions Regime)
Eurex Clearing AG,(EU) 2021/1275,Council Regulation (EU) 2021/1275 of 30 July 2021 concerning restrictive measures in view of the situation in Lebanon (Lebanon Sanctions Regime)
Eurex Clearing AG,(EU) 2021/23 (CCPRRR),"Regulation (EU) 2021/23 of the European Parliament and of the Council of 16 December 2020 on a framework for the recovery and resolution of central counterparties and amending Regulations (EU) No 1095/2010, (EU) No 648/2012, (EU) No 600/2014, (EU) No 806/2014 and (EU) 2015/2365 and Directives 2002/47/EC, 2004/25/EC, 2007/36/EC, 2014/59/EU and (EU) 2017/1132 (CCPRRR)"
Eurex Clearing AG,(EU) 2021/914,Commission Implementing Decision (EU) 2021/914 of 4 June 2021 on standard contractual clauses for the transfer of personal data to third countries pursuant to Regulation (EU) 2016/679 of the European Parliament and of the Council
Eurex Clearing AG,(EU) 2021/915,Commission Implementing Decision (EU) 2021/915 of 4 June 2021 on standard contractual clauses between controllers and processors under Article 28(7) of Regulation (EU) 2016/679 of the European Parliament and of the Council and Article 29(7) of Regulation (EU) 2018/1725 of the European Parliament and of the Council
Eurex Clearing AG,(EU) 2022/1855,Commission Delegated Regulation (EU) 2022/1855 of 10 June 2022 supplementing Regulation (EU) No 648/2012 of the European Parliament and of the Council with regard to regulatory technical standards specifying the minimum details of the data to be reported to trade repositories and the type of reports to be used
Eurex Clearing AG,(EU) 2022/1860,"Regulation (EU) 2022/1860 of 10 June 2022 laying down implementing technical standards for the application of Regulation (EU) No 648/2012 (EMIR) of the European Parliament and of the Council with regard to the standards, formats, frequency and methods and arrangements for reporting"
Eurex Clearing AG,(EU) 2022/2309,Council Regulation (EU) 2022/2309 of 25 November 2022 concerning restrictive measures in view of the situation in HaitI (Haiti Sanctions Regime)
Eurex Clearing AG,(EU) 2022/2554 (DORA),"REGULATION (EU) 2022/2554 OF THE EUROPEAN PARLIAMENT AND OF THE COUNCIL of 14 December 2022 on digital operational resilience for the financial sector and amending Regulations (EC) No 1060/2009, (EU) No 648/2012, (EU) No 600/2014, (EU) No 909/2014 and (EU) 2016/1011 [Digital Operational Resilience Act (DORA)]"
Eurex Clearing AG,(EU) 2022/263,"Council Regulation (EU) 2022/263 of 23 February 2022 concerning restrictive measures in response to the recognition of the non-government controlled areas of the Donetsk and Luhansk oblasts of Ukraine and the ordering of Russian armed forces into those areas (Russia Sanctions Regime - Restrictive measures in response to the illegal recognition, occupation, or annexation by the Russian Federation of certain Ukrainian territories not controlled by the government (""Basic Regulation"": Regulation (EU) 2022/263)"
Eurex Clearing AG,(EU) 2023/1219,Commission Delegated Regulation (EU) 2023/1219 of 17 May 2023 amending Delegated Regulation (EU) 2016/1675 as regards adding Nigeria and South Africa to the table in point I of the Annex and deleting Cambodia and Morocco from that table
Eurex Clearing AG,(EU) 2023/1529,Council Regulation (EU) 2023/1529 of 20 July 2023 concerning restrictive measures in view of Iran’s military support of Russia’s war of aggression against Ukraine
Eurex Clearing AG,(EU) 2023/1795,Commission Implementing Decision EU 2023/1795 of 10 July 2023 pursuant to Regulation (EU) 2016/679 of the European Parliament and of the Council on the adequate level of protection of personal data under the EU-US Data Privacy Framework
Eurex Clearing AG,(EU) 2023/2070,Commission Delegated Regulation (EU) 2023/2070 of 18 August 2023 amending Delegated Regulation (EU) 2016/1675 to add Cameroon and Vietnam to the list of high-risk third countries
Eurex Clearing AG,(EU) 2023/2147,Council Regulation (EU) 2023/2147 of 9 October 2023 concerning restrictive measures in view of activities undermining the stability and political transition of Sudan
Eurex Clearing AG,(EU) 2023/2406,Council Regulation (EU) 2023/2406 of 23 October 2023 concerning restrictive measures in view of the situation in Niger
Eurex Clearing AG,(EU) 2023/410,"Commission Delegated Regulation (EU) 2023/410 of 19 December 2022 amending Delegated Regulation (EU) 2016/1675 as regards adding the Democratic Republic of the Congo, Gibraltar, Mozambique, Tanzania and the United Arab Emirates to Table I of the Annex to Delegated Regulation (EU) 2016/1675"
Eurex Clearing AG,(EU) 2023/840,Commission Delegated Regulation (EU) 2023/840 of 25 November 2022 supplementing Regulation (EU) 2021/23 of the European Parliament and of the Council with regard to regulatory technical standards specifying the methodology for calculation and maintenance of the additional amount of pre-funded dedicated own resources to be used in accordance with Article 9(14) of that Regulation
Eurex Clearing AG,(EU) 2023/888,Council Regulation (EU) 2023/888 of 28 April 2023 concerning restrictive measures in view of actions destabilising the Republic of Moldova (Moldovan Sanctions Regime- Restrictive measures against individuals with Moldovan or Russian nationality that have engaged in destabilising activities)
Eurex Clearing AG,(EU) 2024/1485,Regulation (EU) 2024/1485 of 27 May 2024 concerning restrictive measures in view of the situation in Russia
Eurex Clearing AG,(EU) 2024/1772,"Regulation (EU) 2024/1772 of 13 March 2024 supplementing Regulation (EU) 2022/2554 of the European Parliament and of the Council with regard to regulatory technical standards specifying the criteria for the classification of ICT-related incidents and cyber threats, setting out materiality thresholds and specifying the details of reports of major incidents."
Eurex Clearing AG,(EU) 2024/1773,Regulation (EU) 2024/1773 of 13 March 2024 supplementing Regulation (EU) 2022/2554 of the European Parliament and of the Council with regard to regulatory technical standards specifying the detailed content of the policy regarding contractual arrangements on the use of ICT services supporting critical or important functions provided by ICT third-party service providers
Eurex Clearing AG,(EU) 2024/1774,"Regulation (EU) 2024/1774 of 13 March 2024 supplementing Regulation (EU) 2022/2554 of the European Parliament and of the Council with regard to regulatory technical standards specifying ICT risk management tools, methods, processes, and policies and the simplified ICT risk management framework"
Eurex Clearing AG,(EU) 2024/2642,Regulation (EU) 2024/2642 of 8 October 2024 concerning restrictive measures in view of Russia’s destabilizing activities
Eurex Clearing AG,(EU) 2024/287,Council Regulation (EU) 2024/287 of 12 January 2024 concerning restrictive measures in view of the situation in Guatemala
Eurex Clearing AG,(EU) 2024/2956,Regulation (EU) 2024/2956 of 29 November 2024 laying down implementing technical standards for the application of Regulation (EU) 2022/2554 (DORA) of the European Parliament and of the Council with regard to standard templates for the register of information
Eurex Clearing AG,(EU) 2024/386,"Regulation (EU) 2024/386 of 19 January 2024 establishing restrictive measures against Hamas and Palestinian Islamic Jihad and those who support, facilitate or enable their violent actions"
Eurex Clearing AG,(EU) 2024/450,Commission Delegated Regulation (EU) 2024/450 of 26 October 2023 supplementing Regulation (EU) 2021/23 of the European Parliament and of the Council with regard to regulatory technical standards specifying the minimum elements to be included in a business reorganisation plan and the criteria to be fulfilled for its approval by the resolution authority
Eurex Clearing AG,(EU) 2024/856,"Regulation (EU) 2024/856 of 1 December 2023 supplementing Directive 2013/36/EU of the European Parliament and of the Council with regard to regulatory technical standards specifying the supervisory shock scenarios, the common modelling and parametric assumptions and what constitutes a large decline"
Eurex Clearing AG,(EU) 2025/1734,Decision (EU) 2025/1734 of the European Central Bank of 31 July 2025 on safeguards in relation to access by central counterparties to Eurosystem overnight credit in TARGET
Eurex Clearing AG,(EU) 2025/2600,Council Regulation (EU) 2025/2600 of 12 December 2025 on emergency measures addressing the serious economic difficulties caused by Russia’s actions in the context of the war of aggression against Ukraine.
Eurex Clearing AG,(EU) 2025/301,"Regulation (EU) 2025/301 of 23 October 2024 supplementing Regulation (EU) 2022/2554 (DORA) of the European Parliament and of the Council with regard to regulatory technical standards specifying the content and time limits for the initial notification of, and intermediate and final report on, major ICT-related incidents, and the content of the voluntary notification for significant cyber threats"
Eurex Clearing AG,(EU) 2025/302,"Regulation (EU) 2025/302 of 23 October 2024 laying down implementing technical standards for the application of Regulation (EU) 2022/2554 (DORA) of the European Parliament and of the Council with regard to the standard forms, templates, and procedures for financial entities to report a major ICT-related incident and to notify a significant cyber threat"
Eurex Clearing AG,(EU) 2025/532,Regulation (EU) 2025/532 of 24 March 2025 supplementing Regulation (EU) 2022/2554 of the European Parliament and of the Council with regard to regulatory technical standards specifying the elements that a financial entity has to determine and assess when subcontracting ICT services supporting critical or important functions
Eurex Clearing AG,(EU) 2026/1291,"Regulation (EU) 2026/1291 of 12 June 2026 laying down implementing technical standards for the application of Regulation (EU) No 596/2014 (MAR) of the European Parliament and of the Council with regard to the format of insider lists, and repealing Commission Implementing Regulation (EU) 2022/1210"
Eurex Clearing AG,(EU) 2026/261,"Regulation (EU) 2026/261 of the European Parliament and of the Council of 26 January 2026 on phasing out Russian natural gas imports and preparing the phase-out of Russian oil imports, improving monitoring of potential energy dependencies and amending Regulation (EU) 2017/1938"
Eurex Clearing AG,(EU) 2026/305,"Regulation (EU) 2026/305 of 29 October 2025 supplementing Regulation (EU) No 648/2012 (EMIR) with regard to regulatory technical standards specifying the operational conditions, the representativeness obligation and the reporting requirements related to the active account requirement"
Eurex Clearing AG,(EU) 208/2014,"Council Regulation (EU) No 208/2014 of 5 March 2014 concerning restrictive measures directed against certain persons, entities and bodies in view of the situation in Ukraine (Russia Sanctions Regime - Restrictive measures related to the situation in Ukraine (""Basic Regulation"": Regulation (EU) No. 208/2014)"
Eurex Clearing AG,(EU) 224/2014,Council Regulation (EU) No 224/2014 of 10 March 2014 concerning restrictive measures in view of the situation in the Central African Republic (Central African Republic Sanctions Regime)
Eurex Clearing AG,(EU) 236/2012,Regulation (EU) No 236/2012 of the European Parliament and of the Council of 14 March 2012 on short selling and certain aspects of credit default swaps
Eurex Clearing AG,(EU) 2580/2001,Council Regulation (EC) No 2580/2001 of 27 December 2001 on specific restrictive measures directed against certain persons and entities with a view to combating terrorism
Eurex Clearing AG,(EU) 267/2012,Council Regulation (EU) No 267/2012 of 23 March 2012 concerning restrictive measures against Iran and repealing Regulation (EU) No 961/2010 (Iran Sanctions Regime)
Eurex Clearing AG,(EU) 269/2014,"Council Regulation (EU) No 269/2014 of 17 March 2014 concerning restrictive measures in respect of actions undermining or threatening the territorial integrity, sovereignty and independence of Ukraine (Russia Sanctions Regime - Restrictive measures in view of the threat to the territorial integrity of Ukraine (Basic Regulation: Regulation (EU) No. 269/2014)."
Eurex Clearing AG,(EU) 305/2006,Council Regulation (EC) No 305/2006 of 21 February 2006 imposing specific restrictive measures against certain persons suspected of involvement in the assassination of former Lebanese Prime Minister Rafiq Hariri (Lebanon Sanctions Regime)
Eurex Clearing AG,(EU) 314/2004,Regulation (EC) No 314/2004 of 19 February 2004 concerning an arms embargo in view of the situation in Zimbabwe (Zimbabwe Sanctions Regime)
Eurex Clearing AG,(EU) 3541/92,"Council Regulation (EEC) No 3541/92 of 7 December 1992 prohibiting the satisfying of Iraqi claims with regard to contracts and transactions, the performance of which was affected by United Nations Security Council Resolution 661 (1990) and related resolutions (Iraq Sanctions Regime)"
Eurex Clearing AG,(EU) 356/2010,"Council Regulation (EU) No 356/2010 of 26 April 2010 imposing certain specific restrictive measures directed against certain natural or legal persons, entities or bodies, in view of the situation in Somali (Somalia Sanctions Regime)"
Eurex Clearing AG,(EU) 359/2011,"Council Regulation (EU) No 359/2011 of 12 April 2011 concerning restrictive measures directed against certain persons, entities and bodies in view of the situation in Iran (Iran Sanctions Regime)"
Eurex Clearing AG,(EU) 36/2012,Council Regulation (EU) No 36/2012 of 18 January 2012 concerning restrictive measures in view of the situation in Syria and repealing Regulation (EU) No 442/2011 (Syria Sanctions Regime)
Eurex Clearing AG,(EU) 377/2012,"Council Regulation (EU) No 377/2012 of 3 May 2012 concerning restrictive measures directed against certain persons, entities and bodies threatening the peace, security or stability of the Republic of Guinea-Bissau (Republic of Guinea-Bissau Sanctions Regime)"
Eurex Clearing AG,(EU) 401/2013,Council Regulation (EU) No 401/2013 of 2 May 2013 concerning restrictive measures in respect of Myanmar/Burma and repealing Regulation (EC) No 194/2008 (Myanmar Sanctions Regime)
Eurex Clearing AG,(EU) 484/2014,Commission Implementing Regulation (EU) No 484/2014 of 12 May 2014 laying down implementing technical standards with regard to the hypothetical capital of a central counterparty according to Regulation (EU) No 648/2012 of the European Parliament and of the Council
Eurex Clearing AG,(EU) 575/2013 (CRR),Regulation (EU) No 575/2013 of the European Parliament and of the Council of 26 June 2013 on prudential requirements for credit institutions and investment firms and amending Regulation (EU) No 648/2012 (CRR)
Eurex Clearing AG,(EU) 596/2014 (MAR),"Regulation (EU) No 596/2014 of the European Parliament and of the Council of 16 April 2014 on market abuse (market abuse regulation) and repealing Directive 2003/6/EC of the European Parliament and of the Council and Commission Directives 2003/124/EC, 2003/125/EC and 2004/72/EC (MAR)"
Eurex Clearing AG,(EU) 600/2014 (MiFIR),Regulation (EU) No 600/2014 of the European Parliament and of the Council of 15 May 2014 on markets in financial instruments and amending Regulation (EU) No 648/2012 (MiFIR)
Eurex Clearing AG,(EU) 648/2012 (EMIR),"Regulation (EU) No 648/2012 of the European Parliament and of the Council of 4 July 2012 on OTC derivatives, central counterparties and trade repositories (EMIR)"
Eurex Clearing AG,(EU) 692/2014,"Council Regulation (EU) No 692/2014 of 23 June 2014 concerning restrictions on the import into the Union of goods originating in Crimea or Sevastopol, in response to the illegal annexation of Crimea and Sevastopol (Russia Sanctions Regime - Restrictive measures in response to the illegal incorporation of Crimea and Sevastopol (Basic Regulation: Regulation (EU) No. 692/2014)."
Eurex Clearing AG,(EU) 747/2014,Council Regulation (EU) No 747/2014 of 10 July 2014 concerning restrictive measures in view of the situation in Sudan and repealing Regulations (EC) No 131/2004 and (EC) No 1184/2005 (Sudan Sanctions Regime)
Eurex Clearing AG,(EU) 753/2011,"Council Regulation (EU) No 753/2011 of 1 August 2011 concerning restrictive measures directed against certain individuals, groups, undertakings and entities in view of the situation in Afghanistan (Afghanistan Sanctions Regime)"
Eurex Clearing AG,(EU) 765/2006,Council Regulation (EC) No 765/2006 of 18 May 2006 concerning restrictive measures against President Lukashenko and certain officials of Belarus (Belarus Sanctions Regime)
Eurex Clearing AG,(EU) 833/2014,Council Regulation (EU) No 833/2014 of 31 July 2014 concerning restrictive measures in view of Russia's actions destabilising the situation in Ukraine (Russia Sanctions Regime - Restrictive measures related to Russia's actions that destabilize the situation in Ukraine (Basic Regulation: Regulation (EU) No. 833/2014))
Eurex Clearing AG,(EU) 881/2002,"Council Regulation (EC) No 881/2002 of 27 May 2002 imposing certain specific restrictive measures directed against certain persons and entities associated with Usama bin Laden, the Al-Qaida network and the Taliban, and repealing Council Regulation (EC) No 467/2001 prohibiting the export of certain goods and services to Afghanistan, strengthening the flight ban and extending the freeze of funds and other financial resources in respect of the Taliban of Afghanistan (Al-Qaida / ISIL (Da‘esh) Sanctions Regime)"
Eurex Clearing AG,(EU) 909/2014 (CSDR),Regulation (EU) No 909/2014 of the European Parliament and of the Council of 23 July 2014 on improving securities settlement in the European Union and on central securities depositories and amending Directives 98/26/EC and 2014/65/EU and Regulation (EU) No 236/2012 (CSDR)
Eurex Clearing AG,5/2017 (GW),BaFin Rundschreiben 5/2017 (GW) - Angemessene geschäftsbezogene Sicherungssysteme im Sinne des § 25h Abs. 1 Satz 1 KWG
Eurex Clearing AG,98/26/EC,Directive 98/26/EC of the European Parliament and of the Council of 19 May 1998 on settlement finality in payment and securities settlement systems (SFD)
Eurex Clearing AG,AMF Regulation 91-507,(Autorité des Marchés Financiers) Regulation 91-507 Respecting Trade Repositories and Derivatives Data Reporting
Eurex Clearing AG,AO,Abgabenordnung
Eurex Clearing AG,AWG,Außenwirtschaftsgesetz
Eurex Clearing AG,AWV,Außenwirtschaftsverordnung
Eurex Clearing AG,AktG,Aktiengesetz
Eurex Clearing AG,Anleitung für die Übermittlung von IKT bezogenen Vorfallsmeldungen,Anleitung für die Übermittlung von IKT bezogenen Vorfallsmeldungen unter Nutzung von Dateiupload bzw. SOAP Webservice (MVP-Portal)
Eurex Clearing AG,Anordnung Sanktionen BAnz AT 31.03.2026 B9,Anordnung von Beschränkungen des Kapital- und Zahlungsverkehrs mit bestimmten Personen oder Personengesellschaften BAnz AT 31.03.2026 B9 (Bundesministerium für Wirtschaft und Energie)
Eurex Clearing AG,AnzV,Verordnung über die Anzeigen und die Vorlage von Unterlagen nach dem Kreditwesengesetz (Anzeigenverordnung - AnzV)
Eurex Clearing AG,BCBS Hedging of counterparty credit risk exposures,BCBS Hedging of counterparty credit risk exposures (Technical Amendment)
Eurex Clearing AG,BDSG,Bundesdatenschutzgesetz (BDSG)
Eurex Clearing AG,BSI-Gesetz,Gesetz über das Bundesamt für Sicherheit in der Informationstechnik (BSI-Gesetz – BSIG)
Eurex Clearing AG,BSI-KritisV,Verordnung zur Bestimmung Kritischer Infrastrukturen nach dem BSI-Gesetz
Eurex Clearing AG,BaFin / FIU Orientierungshilfe zum Verdachtsmeldewesen,Gemeinsame Orientierungshilfe der BaFin und der FIU zu den Begriffen „Unverzüglichkeit“ und „Vollständigkeit“ einer Verdachtsmeldung nach § 43 GwG
Eurex Clearing AG,BaFin Aufsichtsmitteilung Ordnungsgemäßer Geschäftsbetrieb bei Marktturbulenzen,BaFin Aufsichtsmitteilung Ordnungsgemäßer Geschäftsbetrieb bei Marktturbulenzen (BaFin konkretisiert ihre Erwartungen an die zu treffenden Vorkehrungen für zeitkritische Aktivitäten und Prozesse am Kapitalmarkt)
Eurex Clearing AG,BaFin Aufsichtsmitteilung zu Auslagerungen an Cloud-Anbieter,BaFin Aufsichtsmitteilung zu Auslagerungen an Cloud-Anbieter
Eurex Clearing AG,BaFin Auslegungs- und Anwendungshinweise zum Geldwäschegesetz (AT),BaFin Auslegungs- und Anwendungshinweise zum Geldwäschegesetz (Allgemeiner Teil)
Eurex Clearing AG,BaFin Auslegungs- und Anwendungshinweise zum Geldwäschegesetz (BT Kreditinstitute),BaFin Auslegungs- und Anwendungshinweise zum Geldwäschegesetz (Besonderer Teil für Kreditinstitute)
Eurex Clearing AG,BaFin Circular 03/2026 (GW) (High risk countries),"Rundschreiben 03/2026 (GW) betreffend Drittstaaten, die in ihren Systemen zur Bekämpfung von Geldwäsche und Terrorismusfinanzierung strategische Mängel aufweisen, die wesentliche Risiken für das internationale Finanzsystem darstellen (Hochrisiko-Staaten)"
Eurex Clearing AG,BaFin Circular 04/2024 (GW) (High risk countries),"BaFin Rundschreiben 04/2024 (GW) betreffend Drittstaaten, die in ihren Systemen zur Bekämpfung von Geldwäsche und Terrorismusfinanzierung strategische Mängel aufweisen, die wesentliche Risiken für das internationale Finanzsystem darstellen (Hochrisiko-Staaten)"
Eurex Clearing AG,BaFin Circular 07/2025 (GW) (High risk countries),"BaFin Rundschreiben 07/2025 (GW) betreffend Drittstaaten, die in ihren Systemen zur Bekämpfung von Geldwäsche und Terrorismusfinanzierung strategische Mängel aufweisen, die wesentliche Risiken für das internationale Finanzsystem darstellen (Hochrisiko-Staaten)"
Eurex Clearing AG,BaFin Circular 08/2024 (GW) (High risk countries),"BaFin Rundschreiben 08/2024 (GW) betreffend Drittstaaten, die in ihren Systemen zur Bekämpfung von Geldwäsche und Terrorismusfinanzierung strategische Mängel aufweisen, die wesentliche Risiken für das internationale Finanzsystem darstellen (Hochrisiko-Staaten)."
Eurex Clearing AG,BaFin Circular 08/2025 (GW) (High risk countries),"BaFin Rundschreiben 08/2025 (GW) betreffend Drittstaaten, die in ihren Systemen zur Bekämpfung von Geldwäsche und Terrorismusfinanzierung strategische Mängel aufweisen, die wesentliche Risiken für das internationale Finanzsystem darstellen (Hochrisiko-Staaten)"
Eurex Clearing AG,BaFin Circular 10/2024 (GW) (High risk countries),"BaFin Rundschreiben 10/2024 (GW) betreffend Drittstaaten, die in ihren Systemen zur Bekämpfung von Geldwäsche und Terrorismusfinanzierung strategische Mängel aufweisen, die wesentliche Risiken für das internationale Finanzsystem darstellen (Hochrisiko-Staaten)."
Eurex Clearing AG,BaFin Circular 11/2025 (BA) Fit and Proper (FAP),BaFin Rundschreiben 11/2025 zu den Mitgliedern der Geschäftsleitung sowie von Verwaltungs- und Aufsichtsorganen gemäß KWG (Fit and Proper (FAP)-Rundschreiben)
Eurex Clearing AG,BaFin Circular 13/2025 (GW) (High risk countries),"Rundschreiben 13/2025 (GW) betreffend Drittstaaten, die in ihren Systemen zur Bekämpfung von Geldwäsche und Terrorismusfinanzierung strategische Mängel aufweisen, die wesentliche Risiken für das internationale Finanzsystem darstellen (Hochrisiko-Staaten)"
Eurex Clearing AG,"BaFin Management, classification and reporting of ICT-related incidents","BaFin Management, classification and reporting of ICT-related incidents (BaFin information on Chapter III, Articles 17 to 23 of DORA)"
Eurex Clearing AG,BaFin Merkblatt zum Umgang mit Nachhaltigkeitsrisken,BaFin Merkblatt zum Umgang mit Nachhaltigkeitsrisken
Eurex Clearing AG,BaFin Rundschreiben 3/2017 (GW) VideoIdent,BaFin Rundschreiben 3/2017 (GW) - Videoidentifizierungsverfahren
Eurex Clearing AG,BaFin Umsetzungshinweise DORA,BaFin Aufsichtsmitteilung Hinweise zur Umsetzung von DORA im IKT-Risikomanagement und IKT-Drittparteienrisikomanagement
Eurex Clearing AG,BankG,Bundesgesetz über die Banken und Sparkassen (BankG)
Eurex Clearing AG,CCP Ordinance,Cabinet Office Ordnance on Financial Instruments Clearing Organizations No. 76 of 2002 (CCP Ordinance)
Eurex Clearing AG,Central Counterparties Regulations 2018,"The Central Counterparties (Amendment, etc. and Transitional Provision) (EU Exit) Regulations 2018"
Eurex Clearing AG,Corporations Act 2001 Australia,Corporations Act 2001 Australia
Eurex Clearing AG,"Corruption, Drug Trafficking and Other Serious Crimes (Confiscation of Benefits) Act","Corruption, Drug Trafficking and Other Serious Crimes (Confiscation of Benefits) Act"
Eurex Clearing AG,Cyber resilience oversight expectations for financial market infrastructures (ECB December 2018) Advancing Level (BuBa),Cyber resilience oversight expectations for financial market infrastructures (ECB December 2018) Advancing Level (BuBa)
Eurex Clearing AG,DCO,DCO – Code of Federal Regulations
Eurex Clearing AG,DCO – Code of Federal Regulations,Code of Federal Regulations (Cybersecurity Rule)
Eurex Clearing AG,EBA/GL/2022/05,EBA Guidelines on the role of AML/CFT compliance officers
Eurex Clearing AG,EBA/GL/2022/15,EBA/GL/2022/15 - Guidelines on the use of Remote Customer Onboarding Solutions under Article 13(1) of Directive (EU) 2015/849
Eurex Clearing AG,EBA/GL/2023/03,EBA Guidelines amending Guidelines on customer due diligence and the factors credit and financial institutions should consider when assessing the money laundering and terrorist financing risk associated with individual business relationships and occasional transactions (‘The ML/TF Risk Factors Guidelines’) under Articles 17 and 18(4) of Directive (EU) 2015/849
Eurex Clearing AG,EBA/GL/2024/01,EBA/GL/2024/01 - Guidelines amending Guidelines EBA/2021/02 on customer due diligence and the factors credit and financial institutions should consider when assessing the money laundering and terrorist financing risk associated with individual business relationships and occasional transactions (‘The ML/TF Risk Factors Guidelines’) under Articles 17 and 18(4) of Directive (EU) 2015/849 as of 16.01.2024
Eurex Clearing AG,ESEF XBRL-Taxonomy,ESEF XBRL-Taxonomy on reporting from the EBA/ESMA (last version)
Eurex Clearing AG,ESMA70-151-1439,ESMA-Guidelines on CCP management on conflicts of interest
Eurex Clearing AG,ESMA74-362-2281,ESMA74-362-2281 ESMA Guidelines for reporting under EMIR
Eurex Clearing AG,Erste Nationale Risikoanalyse 2018/2019,Erste Nationale Risikoanalyse 2018/2019
Eurex Clearing AG,FATF Recommendations,The FATF Recommendations
Eurex Clearing AG,FCPA,Foreign Corrupt Practices Act - FCPA
Eurex Clearing AG,FIEA,Financial Instrument and Exchange Act (FIEA)
Eurex Clearing AG,FinaRisikoV,Finanz- und Risikotragfähigkeitsinformationenverordnung (FinaRisikoV)
Eurex Clearing AG,FinfraG,Bundesgesetz über die Finanzmarktinfrastrukturen und das Marktverhalten im Effekten- und Derivatehandel (FinfraG)
Eurex Clearing AG,GOBD,"Grundsätze zur ordnungsmäßigen Führung und Aufbewahrung von Büchern, Aufzeichnungen und Unterlagen in elektronischer Form sowie zum Datenzugriff (GoBD), Schreiben des BMF vom 28.11.2019"
Eurex Clearing AG,GeschGehG,Gesetz zum Schutz von Geschäftsgeheimnissen (GeschGehG)
Eurex Clearing AG,Guidance on cyber resilience for financial market infrastructures,Guidance on cyber resilience for financial market infrastructures
Eurex Clearing AG,GwG,Gesetz über das Aufspüren von Gewinnen aus schweren Straftaten
Eurex Clearing AG,GwG-Meldeverordnung,Verordnung über die Form von und die erforderlichen Angaben in Meldungen an die Zentralstelle für Finanztransaktionsuntersuchungen nach § 43 Absatz 1 und § 44 des Geldwäschegesetzes (GwG-Meldeverordnung – GwGMeldV)
Eurex Clearing AG,GwStrRVG,Gesetz zur Verbesserung der strafrechtlichen Bekämpfung der Geldwäsche
Eurex Clearing AG,HGB,Handelsgesetzbuch
Eurex Clearing AG,HinSchG,Gesetz für einen besseren Schutz hinweisgebender Personen
Eurex Clearing AG,ITSiG,IT-Sicherheitsgesetz 2.0 vom 18.Mai 2021
Eurex Clearing AG,InstitutsVergV,Verordnung über die aufsichtsrechtlichen Anforderungen an Vergütungssysteme von Instituten
Eurex Clearing AG,JC/GL/2024/34 GL on major ICT-related incidents under DORA,Joint Guidelines on estimation of aggregated annual costs and losses caused by major ICT-related incidents under Regulation (EU) 2022/2554 (DORA) (EBA/ESMA/EOPA) (JC/GL/2024/34)
Eurex Clearing AG,KWG,Gesetz über das Kreditwesen
Eurex Clearing AG,MAS Guidelines on Fit and Proper Criteria [FSG-G01],MAS Guidelines on fit and proper criteria for all relevant persons carrying out any activity regulated by MAS. [FSG-G01]
Eurex Clearing AG,MAS Guidelines on Outsourcing,MAS Guidelines on Outsourcing
Eurex Clearing AG,MAS Technology Risk Management Guidelines,MAS Technology Risk Management Guidelines
Eurex Clearing AG,"Merkblatt für die Meldungen gemäß §§ 10,11 FinaRisikoV","Risikotragfähigkeitsinformationen Merkblatt für die Meldungen gemäß §§ 10,11 FinaRisikoV"
Eurex Clearing AG,Merkblatt zur Einhaltung von Finanzsanktionen,Merkblatt zur Einhaltung von Finansanktionen
Eurex Clearing AG,NI 24-102,NI 24-102 Clearing Agency Requirements and Related Companion Policy 24
Eurex Clearing AG,NI 94-101,NI 94-101 Mandatory Central Counterparty Clearing of Derivatives and Related Companion
Eurex Clearing AG,NI 94-102,NI 94-102 Derivatives: Customer Clearing and Protection of Customer Collateral and Positions and Companion Policy
Eurex Clearing AG,NI 94-102,National Instrument 94-102 Derivatives: Customer Clearing And Protection Of Customer Collateral And Positions
Eurex Clearing AG,Nationalbankgesetz Schweiz,Bundesgesetz über die Schweizerische Nationalbank
Eurex Clearing AG,OSA,Ontario Securities Act (OSA)
Eurex Clearing AG,OSC Rule 13-502,Ontario Securities Commission (“OSC”) Rule 13-502 Fees
Eurex Clearing AG,OSC Rule 91-507,Ontario Securities Commission (“OSC”) Rule 91-507 Derivatives: Trade Reporting
Eurex Clearing AG,Ontario Order,"Ontario Order - Dated July 14, 2017 as varied and restated on February 6, 2020 - Schedule A ""Terms and Conditions"""
Eurex Clearing AG,PEP List,"Prominent public functions at national level, at the level of International Organisations and at the level of the European Union Institutions and Bodies (C/2023/724)"
Eurex Clearing AG,PFMI,CPSS-IOSCO -Principles for financial market infrastructures (PFMI)
Eurex Clearing AG,QSA,Quebec Securities Act (QSA)
Eurex Clearing AG,Quebec Order,Quebec Order
Eurex Clearing AG,RechKredV,Kreditinstituts-Rechnungslegungsverordnung (RechKredV)
Eurex Clearing AG,Recognition Letter,Recognition Letter dated 14 Sep 2018
Eurex Clearing AG,SAG,Gesetz zur Sanierung und Abwicklung von Instituten und Finanzgruppen (Sanierungs- und Abwicklungsgesetz - SAG)
Eurex Clearing AG,SFA 2001,Securities and Futures Act 2001
Eurex Clearing AG,SFC,SFC's Guidelines for the Regulation of Automated Trading Services
Eurex Clearing AG,SFO Notice of Authorization,SFO - Notice of authorization to provide automated trading services by SFC
Eurex Clearing AG,SNRA,Supranational Risk Assessment
Eurex Clearing AG,Securities and Futures (Clearing Facilities) Regulations,Securities and Futures (Clearing Facilities) Regulations 2013
Eurex Clearing AG,Securities and Futures Act (Cap. 289),Securities and Futures Act (Cap. 289)
Eurex Clearing AG,StGB,Strafgesetzbuch
Eurex Clearing AG,Subnationale Risikoanalyse 2021/2022 (SRA 3.0),Subnationale Risikoanalyse 2021/2022 (SRA 3.0)
Eurex Clearing AG,Terrorism (Supression of Financing) Act 2002,Terrorism (Suppression of Financing) Act 2002
Eurex Clearing AG,"The Over the Counter Derivatives, Central Counterparties and Trade Repositories (EU Exit) Regulations 2019","The Over the Counter Derivatives, Central Counterparties and Trade Repositories (Amendment, etc., and Transitional Provision) (EU Exit) Regulations 2019"
Eurex Clearing AG,U.S. Code,United States Code
Eurex Clearing AG,UK Bribery Act,UK Bribery Act
Eurex Clearing AG,UK SFD,The Financial Markets and Insolvency (Settlement Finality) Regulations 1999
Eurex Clearing AG,US Commodity and Securities Exchanges - Code of Federal Regulations (CFR),US Commodity and Securities Exchanges - Code of Federal Regulations (CFR)
Eurex Clearing AG,USA Patriot Act,UNITING AND STRENGTHENING AMERICA BY PROVIDING APPROPRIATE TOOLS REQUIRED TO INTERCEPT AND OBSTRUCT TERRORISM (USA PATRIOT ACT) ACT OF 2001
Eurex Clearing AG,WpHG,Gesetz über den Wertpapierhandel
Eurex Repo GmbH,(EU) 101/2011,"Council Regulation (EU) No 101/2011 of 4 February 2011 concerning restrictive measures directed against certain persons, entities and bodies in view of the situation in Tunisia (Tunisia Sanctions Regime)"
Eurex Repo GmbH,(EU) 1183/2005,Council Regulation (EC) No 1183/2005 of 18 July 2005 imposing certain specific restrictive measures directed against persons acting in violation of the arms embargo with regard to the Democratic Republic of the Congo (Democratic Republic of Congo Sanctions Regime)
Eurex Repo GmbH,(EU) 1210/2003,Council Regulation (EC) No 1210/2003 of 7 July 2003 concerning certain specific restrictions on economic and financial relations with Iraq and repealing Regulation (EC) No 2465/96 (Iraq Sanctions Regime)
Eurex Repo GmbH,(EU) 1284/2009,Council Regulation (EU) No 1284/2009 of 22 December 2009 imposing certain specific restrictive measures in respect of the Republic of Guinea (Guinea Sanctions Regime)
Eurex Repo GmbH,(EU) 1352/2014,Council Regulation (EU) No 1352/2014 of 18 December 2014 concerning restrictive measures in view of the situation in Yemen (Yemen Sanctions Regime)
Eurex Repo GmbH,(EU) 1412/2006,Council Regulation (EC) No 1412/2006 of 25 September 2006 concerning certain restrictive measures in respect of Lebanon (Lebanon Sanctions Regime)
Eurex Repo GmbH,(EU) 147/2003,Council Regulation (EC) No 147/2003 of 27 January 2003 concerning certain restrictive measures in respect of Somalia (Somalia Sanctions Regime)
Eurex Repo GmbH,(EU) 2015/1755,Council Regulation (EU) 2015/1755 of 1 October 2015 concerning restrictive measures in view of the situation in Burundi (Burundi Sanctions Regime)
Eurex Repo GmbH,(EU) 2015/735,"Council Regulation (EU) 2015/735 of 7 May 2015 concerning restrictive measures in respect of the situation in South Sudan, and repealing Regulation (EU) No 748/2014 (South Sudan Sanctions Regime)"
Eurex Repo GmbH,(EU) 2015/849,"Directive (EU) 2015/849 of the European Parliament and of the Council of 20 May 2015 on the prevention of the use of the financial system for the purposes of money laundering or terrorist financing, amending Regulation (EU) No 648/2012 of the European Parliament and of the Council, and repealing Directive 2005/60/EC of the European Parliament and of the Council and Commission Directive 2006/70/EC"
Eurex Repo GmbH,(EU) 2016/1675,Commission Delegated Regulation (EU) 2016/1675 of 14 July 2016 supplementing Directive (EU) 2015/849 of the European Parliament and of the Council by identifying high-risk third countries with strategic deficiencies
Eurex Repo GmbH,(EU) 2016/1686,"Regulation (EU) 2016/1686 of 20 September 2016 imposing additional restrictive measures directed against ISIL (Da'esh) and Al-Qaeda and natural and legal persons, entities or bodies associated with them (Al-Qaida / ISIL (Da‘esh) Sanctions Regime)"
Eurex Repo GmbH,(EU) 2016/44,Council Regulation (EU) 2016/44 of 18 January 2016 concerning restrictive measures in view of the situation in Libya and repealing Regulation (EU) No 204/2011 (Libya Sanctions Regime)
Eurex Repo GmbH,(EU) 2016/679 (GDPR),"Regulation (EU) 2016/679 of the European Parliament and of the Council of 27 April 2016 on the protection of natural persons with regard to the processing of personal data and on the free movement of such data, and repealing Directive 95/46/EC (GDPR)"
Eurex Repo GmbH,(EU) 2016/957,"Commission Delegated Regulation (EU) 2016/957 of 9 March 2016 supplementing Regulation (EU) No 596/2014 of the European Parliament and of the Council with regard to regulatory technical standards for the appropriate arrangements, systems and procedures as well as notification templates to be used for preventing, detecting and reporting abusive practices or suspicious orders or transactions"
Eurex Repo GmbH,(EU) 2017/1509,Council Regulation (EU) 2017/1509 of 30 August 2017 concerning restrictive measures against the Democratic People's Republic of Korea and repealing Regulation (EC) No 329/2007 (Democratic People's Republic of Korea Sanctions Regime)
Eurex Repo GmbH,(EU) 2017/1770,Council Regulation (EU) 2017/1770 of 28 September 2017 concerning restrictive measures in view of the situation in Mali (Mali Sanctions Regime)
Eurex Repo GmbH,(EU) 2017/2063,Council Regulation (EU) 2017/2063 of 13 November 2017 concerning restrictive measures in view of the situation in Venezuela (Venezuela Sanctions Regime)
Eurex Repo GmbH,(EU) 2017/565,Commission Delegated Regulation (EU) 2017/565 of 25 April 2016 supplementing Directive 2014/65/EU of the European Parliament and of the Council as regards organisational requirements and operating conditions for investment firms and defined terms for the purposes of that Directive
Eurex Repo GmbH,(EU) 2017/566,Commission Delegated Regulation (EU) 2017/566 of 18 May 2016 supplementing Directive 2014/65/EU of the European Parliament and of the Council on markets in financial instruments with regard to regulatory technical standards for the ratio of unexecuted orders to transactions in order to prevent disorderly trading conditions
Eurex Repo GmbH,(EU) 2017/573,Commission Delegated Regulation (EU) 2017/573 of 6 June 2016 supplementing Directive 2014/65/EU of the European Parliament and of the Council on markets in financial instruments with regard to regulatory technical standards on requirements to ensure fair and non-discriminatory co-location services and fee structures
Eurex Repo GmbH,(EU) 2017/584,Commission Delegated Regulation (EU) 2017/584 of 14 July 2016 supplementing Directive 2014/65/EU of the European Parliament and of the Council with regard to regulatory technical standards specifying organisational requirements of trading venues
Eurex Repo GmbH,(EU) 2017/589,Commission Delegated Regulation (EU) 2017/589 of 19 July 2016 supplementing Directive 2014/65/EU of the European Parliament and of the Council with regard to regulatory technical standards specifying the organisational requirements of investment firms engaged in algorithmic trading
Eurex Repo GmbH,(EU) 2018/1229,Commission Delegated Regulation (EU) 2018/1229 of 25 May 2018 supplementing Regulation (EU) No 909/2014 of the European Parliament and of the Council with regard to regulatory technical standards on settlement discipline
Eurex Repo GmbH,(EU) 2018/1542,Council Regulation (EU) 2018/1542 of 15 October 2018 concerning restrictive measures against the proliferation and use of chemical weapons (Chemical Weapon Sanctions Regime)
Eurex Repo GmbH,(EU) 2019/1716,Council Regulation (EU) 2019/1716 of 14 October 2019 concerning restrictive measures in view of the situation in Nicaragua (Nicaragua Sanctions Regime)
Eurex Repo GmbH,(EU) 2019/1890,Council Regulation (EU) 2019/1890 of 11 November 2019 concerning restrictive measures in view of Turkey’s unauthorised drilling activities in the Eastern Mediterranean (Turkey Sanctions Regime)
Eurex Repo GmbH,(EU) 2019/2033 (IFR),"Regulation (EU) 2019/2033 of the European Parliament and of the Council of 27 November 2019 on the prudential requirements of investment firms and amending Regulations (EU) No 1093/2010, (EU) No 575/2013, (EU) No 600/2014 and (EU) No 806/2014 (IFR)"
Eurex Repo GmbH,(EU) 2019/758,Commission Delegated Regulation (EU) 2019/758 of 31 January 2019 supplementing Directive (EU) 2015/849 of the European Parliament and of the Council with regard to regulatory technical standards for the minimum action and the type of additional measures credit and financial institutions must take to mitigate money laundering and terrorist financing risk in certain third countries (4. EU Geldwäscherichtlinie- Drittländer)
Eurex Repo GmbH,(EU) 2019/796,Council Regulation (EU) 2019/796 of 17 May 2019 concerning restrictive measures against cyber-attacks threatening the Union or its Member States (Cyber Attacks Sanctions Regime)
Eurex Repo GmbH,(EU) 2020/1998,Council Regulation (EU) 2020/1998 of 7 December 2020 concerning restrictive measures against serious human rights violations and abuses (Human Rights Violations Sanctions Regime)
Eurex Repo GmbH,(EU) 2021/1275,Council Regulation (EU) 2021/1275 of 30 July 2021 concerning restrictive measures in view of the situation in Lebanon (Lebanon Sanctions Regime)
Eurex Repo GmbH,(EU) 2021/2154,Commission Delegated Regulation (EU) 2021/2154 of 13 August 2021 supplementing Directive (EU) 2019/2034 of the European Parliament and of the Council with regard to regulatory technical standards specifying appropriate criteria to identify categories of staff whose professional activities have a material impact on the risk profile of an investment firm or of the assets that it manages
Eurex Repo GmbH,(EU) 2021/2284,Implementing Regulation (EU) 2021/2284 – laying down implementing technical standards for the application of Regulation (EU) 2019/2033 of the European Parliament and of the Council with regard to supervisory reporting and disclosures of investment firms
Eurex Repo GmbH,(EU) 2021/763,Commission Implementing Regulation (EU) 2021/763 of 23 April 2021 laying down implementing technical standards for the application of Regulation (EU) No 575/2013 of the European Parliament and of the Council and Directive 2014/59/EU of the European Parliament and of the Council with regard to the supervisory reporting and public disclosure of the minimum requirement for own funds and eligible liabilities
Eurex Repo GmbH,(EU) 2021/914,Commission Implementing Decision (EU) 2021/914 of 4 June 2021 on standard contractual clauses for the transfer of personal data to third countries pursuant to Regulation (EU) 2016/679 of the European Parliament and of the Council
Eurex Repo GmbH,(EU) 2021/915,Commission Implementing Decision (EU) 2021/915 of 4 June 2021 on standard contractual clauses between controllers and processors under Article 28(7) of Regulation (EU) 2016/679 of the European Parliament and of the Council and Article 29(7) of Regulation (EU) 2018/1725 of the European Parliament and of the Council
Eurex Repo GmbH,(EU) 2022/1455,Commission Delegated Regulation (EU) 2022/1455 of 11 April 2022 supplementing Regulation (EU) 2019/2033 of the European Parliament and of the Council with regard to regulatory technical standards for own funds requirement for investment firms based on fixed overheads
Eurex Repo GmbH,(EU) 2022/2309,Council Regulation (EU) 2022/2309 of 25 November 2022 concerning restrictive measures in view of the situation in HaitI (Haiti Sanctions Regime)
Eurex Repo GmbH,(EU) 2022/2554 (DORA),"REGULATION (EU) 2022/2554 OF THE EUROPEAN PARLIAMENT AND OF THE COUNCIL of 14 December 2022 on digital operational resilience for the financial sector and amending Regulations (EC) No 1060/2009, (EU) No 648/2012, (EU) No 600/2014, (EU) No 909/2014 and (EU) 2016/1011 [Digital Operational Resilience Act (DORA)]"
Eurex Repo GmbH,(EU) 2022/263,"Council Regulation (EU) 2022/263 of 23 February 2022 concerning restrictive measures in response to the recognition of the non-government controlled areas of the Donetsk and Luhansk oblasts of Ukraine and the ordering of Russian armed forces into those areas (Russia Sanctions Regime - Restrictive measures in response to the illegal recognition, occupation, or annexation by the Russian Federation of certain Ukrainian territories not controlled by the government (""Basic Regulation"": Regulation (EU) 2022/263)"
Eurex Repo GmbH,(EU) 2023/1219,Commission Delegated Regulation (EU) 2023/1219 of 17 May 2023 amending Delegated Regulation (EU) 2016/1675 as regards adding Nigeria and South Africa to the table in point I of the Annex and deleting Cambodia and Morocco from that table
Eurex Repo GmbH,(EU) 2023/1529,Council Regulation (EU) 2023/1529 of 20 July 2023 concerning restrictive measures in view of Iran’s military support of Russia’s war of aggression against Ukraine
Eurex Repo GmbH,(EU) 2023/1651,Commission Delegated Regulation (EU) 2023/1651 of 17 May 2023 supplementing Directive (EU) 2019/2034 of the European Parliament and of the Council with regard to regulatory technical standards for the specific liquidity measurement of investment firms under Article 42(6) of that Directive
Eurex Repo GmbH,(EU) 2023/1668,Commission Delegated Regulation (EU) 2023/1668 of 25 May 2023 supplementing Directive (EU) 2019/2034 of the European Parliament and of the Council with regard to regulatory technical standards specifying the measurement of risks or elements of risks not covered or not sufficiently covered by the own funds requirements set out in Parts Three and Four of Regulation (EU) 2019/2033 of the European Parliament and of the Council and the indicative qualitative metrics for the amounts of additional own funds
Eurex Repo GmbH,(EU) 2023/1795,Commission Implementing Decision EU 2023/1795 of 10 July 2023 pursuant to Regulation (EU) 2016/679 of the European Parliament and of the Council on the adequate level of protection of personal data under the EU-US Data Privacy Framework
Eurex Repo GmbH,(EU) 2023/2070,Commission Delegated Regulation (EU) 2023/2070 of 18 August 2023 amending Delegated Regulation (EU) 2016/1675 to add Cameroon and Vietnam to the list of high-risk third countries
Eurex Repo GmbH,(EU) 2023/2147,Council Regulation (EU) 2023/2147 of 9 October 2023 concerning restrictive measures in view of activities undermining the stability and political transition of Sudan
Eurex Repo GmbH,(EU) 2023/2406,Council Regulation (EU) 2023/2406 of 23 October 2023 concerning restrictive measures in view of the situation in Niger
Eurex Repo GmbH,(EU) 2023/410,"Commission Delegated Regulation (EU) 2023/410 of 19 December 2022 amending Delegated Regulation (EU) 2016/1675 as regards adding the Democratic Republic of the Congo, Gibraltar, Mozambique, Tanzania and the United Arab Emirates to Table I of the Annex to Delegated Regulation (EU) 2016/1675"
Eurex Repo GmbH,(EU) 2023/888,Council Regulation (EU) 2023/888 of 28 April 2023 concerning restrictive measures in view of actions destabilising the Republic of Moldova (Moldovan Sanctions Regime- Restrictive measures against individuals with Moldovan or Russian nationality that have engaged in destabilising activities)
Eurex Repo GmbH,(EU) 2024/1485,Regulation (EU) 2024/1485 of 27 May 2024 concerning restrictive measures in view of the situation in Russia
Eurex Repo GmbH,(EU) 2024/1771,Regulation (EU) 2024/1771 of 13 March 2024 on supplementing Regulation (EU) 2019/2033 of the European Parliament and of the Council with regard to regulatory technical standards specifying the details of the scope and methods for prudential consolidation of an investment firm group
Eurex Repo GmbH,(EU) 2024/1772,"Regulation (EU) 2024/1772 of 13 March 2024 supplementing Regulation (EU) 2022/2554 of the European Parliament and of the Council with regard to regulatory technical standards specifying the criteria for the classification of ICT-related incidents and cyber threats, setting out materiality thresholds and specifying the details of reports of major incidents."
Eurex Repo GmbH,(EU) 2024/1773,Regulation (EU) 2024/1773 of 13 March 2024 supplementing Regulation (EU) 2022/2554 of the European Parliament and of the Council with regard to regulatory technical standards specifying the detailed content of the policy regarding contractual arrangements on the use of ICT services supporting critical or important functions provided by ICT third-party service providers
Eurex Repo GmbH,(EU) 2024/1774,"Regulation (EU) 2024/1774 of 13 March 2024 supplementing Regulation (EU) 2022/2554 of the European Parliament and of the Council with regard to regulatory technical standards specifying ICT risk management tools, methods, processes, and policies and the simplified ICT risk management framework"
Eurex Repo GmbH,(EU) 2024/2642,Regulation (EU) 2024/2642 of 8 October 2024 concerning restrictive measures in view of Russia’s destabilizing activities
Eurex Repo GmbH,(EU) 2024/287,Council Regulation (EU) 2024/287 of 12 January 2024 concerning restrictive measures in view of the situation in Guatemala
Eurex Repo GmbH,(EU) 2024/2956,Regulation (EU) 2024/2956 of 29 November 2024 laying down implementing technical standards for the application of Regulation (EU) 2022/2554 (DORA) of the European Parliament and of the Council with regard to standard templates for the register of information
Eurex Repo GmbH,(EU) 2024/386,"Regulation (EU) 2024/386 of 19 January 2024 establishing restrictive measures against Hamas and Palestinian Islamic Jihad and those who support, facilitate or enable their violent actions"
Eurex Repo GmbH,(EU) 2025/2600,Council Regulation (EU) 2025/2600 of 12 December 2025 on emergency measures addressing the serious economic difficulties caused by Russia’s actions in the context of the war of aggression against Ukraine.
Eurex Repo GmbH,(EU) 2025/301,"Regulation (EU) 2025/301 of 23 October 2024 supplementing Regulation (EU) 2022/2554 (DORA) of the European Parliament and of the Council with regard to regulatory technical standards specifying the content and time limits for the initial notification of, and intermediate and final report on, major ICT-related incidents, and the content of the voluntary notification for significant cyber threats"
Eurex Repo GmbH,(EU) 2025/302,"Regulation (EU) 2025/302 of 23 October 2024 laying down implementing technical standards for the application of Regulation (EU) 2022/2554 (DORA) of the European Parliament and of the Council with regard to the standard forms, templates, and procedures for financial entities to report a major ICT-related incident and to notify a significant cyber threat"
Eurex Repo GmbH,(EU) 2025/532,Regulation (EU) 2025/532 of 24 March 2025 supplementing Regulation (EU) 2022/2554 of the European Parliament and of the Council with regard to regulatory technical standards specifying the elements that a financial entity has to determine and assess when subcontracting ICT services supporting critical or important functions
Eurex Repo GmbH,(EU) 2026/1291,"Regulation (EU) 2026/1291 of 12 June 2026 laying down implementing technical standards for the application of Regulation (EU) No 596/2014 (MAR) of the European Parliament and of the Council with regard to the format of insider lists, and repealing Commission Implementing Regulation (EU) 2022/1210"
Eurex Repo GmbH,(EU) 2026/261,"Regulation (EU) 2026/261 of the European Parliament and of the Council of 26 January 2026 on phasing out Russian natural gas imports and preparing the phase-out of Russian oil imports, improving monitoring of potential energy dependencies and amending Regulation (EU) 2017/1938"
Eurex Repo GmbH,(EU) 208/2014,"Council Regulation (EU) No 208/2014 of 5 March 2014 concerning restrictive measures directed against certain persons, entities and bodies in view of the situation in Ukraine (Russia Sanctions Regime - Restrictive measures related to the situation in Ukraine (""Basic Regulation"": Regulation (EU) No. 208/2014)"
Eurex Repo GmbH,(EU) 224/2014,Council Regulation (EU) No 224/2014 of 10 March 2014 concerning restrictive measures in view of the situation in the Central African Republic (Central African Republic Sanctions Regime)
Eurex Repo GmbH,(EU) 236/2012,Regulation (EU) No 236/2012 of the European Parliament and of the Council of 14 March 2012 on short selling and certain aspects of credit default swaps
Eurex Repo GmbH,(EU) 2580/2001,Council Regulation (EC) No 2580/2001 of 27 December 2001 on specific restrictive measures directed against certain persons and entities with a view to combating terrorism
Eurex Repo GmbH,(EU) 267/2012,Council Regulation (EU) No 267/2012 of 23 March 2012 concerning restrictive measures against Iran and repealing Regulation (EU) No 961/2010 (Iran Sanctions Regime)
Eurex Repo GmbH,(EU) 269/2014,"Council Regulation (EU) No 269/2014 of 17 March 2014 concerning restrictive measures in respect of actions undermining or threatening the territorial integrity, sovereignty and independence of Ukraine (Russia Sanctions Regime - Restrictive measures in view of the threat to the territorial integrity of Ukraine (Basic Regulation: Regulation (EU) No. 269/2014)."
Eurex Repo GmbH,(EU) 305/2006,Council Regulation (EC) No 305/2006 of 21 February 2006 imposing specific restrictive measures against certain persons suspected of involvement in the assassination of former Lebanese Prime Minister Rafiq Hariri (Lebanon Sanctions Regime)
Eurex Repo GmbH,(EU) 314/2004,Regulation (EC) No 314/2004 of 19 February 2004 concerning an arms embargo in view of the situation in Zimbabwe (Zimbabwe Sanctions Regime)
Eurex Repo GmbH,(EU) 3541/92,"Council Regulation (EEC) No 3541/92 of 7 December 1992 prohibiting the satisfying of Iraqi claims with regard to contracts and transactions, the performance of which was affected by United Nations Security Council Resolution 661 (1990) and related resolutions (Iraq Sanctions Regime)"
Eurex Repo GmbH,(EU) 356/2010,"Council Regulation (EU) No 356/2010 of 26 April 2010 imposing certain specific restrictive measures directed against certain natural or legal persons, entities or bodies, in view of the situation in Somali (Somalia Sanctions Regime)"
Eurex Repo GmbH,(EU) 359/2011,"Council Regulation (EU) No 359/2011 of 12 April 2011 concerning restrictive measures directed against certain persons, entities and bodies in view of the situation in Iran (Iran Sanctions Regime)"
Eurex Repo GmbH,(EU) 36/2012,Council Regulation (EU) No 36/2012 of 18 January 2012 concerning restrictive measures in view of the situation in Syria and repealing Regulation (EU) No 442/2011 (Syria Sanctions Regime)
Eurex Repo GmbH,(EU) 377/2012,"Council Regulation (EU) No 377/2012 of 3 May 2012 concerning restrictive measures directed against certain persons, entities and bodies threatening the peace, security or stability of the Republic of Guinea-Bissau (Republic of Guinea-Bissau Sanctions Regime)"
Eurex Repo GmbH,(EU) 401/2013,Council Regulation (EU) No 401/2013 of 2 May 2013 concerning restrictive measures in respect of Myanmar/Burma and repealing Regulation (EC) No 194/2008 (Myanmar Sanctions Regime)
Eurex Repo GmbH,(EU) 596/2014 (MAR),"Regulation (EU) No 596/2014 of the European Parliament and of the Council of 16 April 2014 on market abuse (market abuse regulation) and repealing Directive 2003/6/EC of the European Parliament and of the Council and Commission Directives 2003/124/EC, 2003/125/EC and 2004/72/EC (MAR)"
Eurex Repo GmbH,(EU) 600/2014 (MiFIR),Regulation (EU) No 600/2014 of the European Parliament and of the Council of 15 May 2014 on markets in financial instruments and amending Regulation (EU) No 648/2012 (MiFIR)
Eurex Repo GmbH,(EU) 692/2014,"Council Regulation (EU) No 692/2014 of 23 June 2014 concerning restrictions on the import into the Union of goods originating in Crimea or Sevastopol, in response to the illegal annexation of Crimea and Sevastopol (Russia Sanctions Regime - Restrictive measures in response to the illegal incorporation of Crimea and Sevastopol (Basic Regulation: Regulation (EU) No. 692/2014)."
Eurex Repo GmbH,(EU) 747/2014,Council Regulation (EU) No 747/2014 of 10 July 2014 concerning restrictive measures in view of the situation in Sudan and repealing Regulations (EC) No 131/2004 and (EC) No 1184/2005 (Sudan Sanctions Regime)
Eurex Repo GmbH,(EU) 753/2011,"Council Regulation (EU) No 753/2011 of 1 August 2011 concerning restrictive measures directed against certain individuals, groups, undertakings and entities in view of the situation in Afghanistan (Afghanistan Sanctions Regime)"
Eurex Repo GmbH,(EU) 765/2006,Council Regulation (EC) No 765/2006 of 18 May 2006 concerning restrictive measures against President Lukashenko and certain officials of Belarus (Belarus Sanctions Regime)
Eurex Repo GmbH,(EU) 833/2014,Council Regulation (EU) No 833/2014 of 31 July 2014 concerning restrictive measures in view of Russia's actions destabilising the situation in Ukraine (Russia Sanctions Regime - Restrictive measures related to Russia's actions that destabilize the situation in Ukraine (Basic Regulation: Regulation (EU) No. 833/2014))
Eurex Repo GmbH,(EU) 881/2002,"Council Regulation (EC) No 881/2002 of 27 May 2002 imposing certain specific restrictive measures directed against certain persons and entities associated with Usama bin Laden, the Al-Qaida network and the Taliban, and repealing Council Regulation (EC) No 467/2001 prohibiting the export of certain goods and services to Afghanistan, strengthening the flight ban and extending the freeze of funds and other financial resources in respect of the Taliban of Afghanistan (Al-Qaida / ISIL (Da‘esh) Sanctions Regime)"
Eurex Repo GmbH,05/2018 (WA) (MaComp),"BaFin Rundschreiben 05/2018 (WA) Mindestanforderungen an die Compliance-Funktion und weitere Verhaltens-, Organisations- und Transparenzpflichten (MaComp) [last updated on 26.09.2024]"
Eurex Repo GmbH,06/2018 (WA und BA),BaFin Rundschreiben 06/2018 (WA und BA) - Mindestanforderungen an das Beschwerdemanagement
Eurex Repo GmbH,07/2011 (GW),BaFin Rundschreiben 7/2011 (GW) - Verwaltungspraxis zu § 25c Absätze 1 und 9 KWG (sonstige strafbare Handlungen)
Eurex Repo GmbH,08/2012 (WA) (MaComp II),BaFin Rundschreiben 08/2012 (WA) Besondere Organisatorische Anforderungen für den Betrieb eines multilateralen Handelssystems nach §§ 31 f und 31 g WpHG (MaComp II)
Eurex Repo GmbH,09/2010 (GW),BaFin Rundschreiben 09/2010 (GW) - Verfahrensverantwortlicher im automatisierten Kontenabrufverfahren nach § 24c KWG
Eurex Repo GmbH,2014/65/EU (MiFID II),Directive 2014/65/EU of the European Parliament and of the Council of 15 May 2014 on markets in financial instruments and amending Directive 2002/92/EC and Directive 2011/61/EU (MiFID II)
Eurex Repo GmbH,AO,Abgabenordnung
Eurex Repo GmbH,AWG,Außenwirtschaftsgesetz
Eurex Repo GmbH,AWV,Außenwirtschaftsverordnung
Eurex Repo GmbH,Allgemeinverfügung zur Anordnung der Speicherung von Daten in einem Dateisystem nach § 24c Abs. 1 KWG,Allgemeinverfügung zur Anordnung der Speicherung von Daten in einem Dateisystem nach § 24c Abs. 1 KWG
Eurex Repo GmbH,Anleitung für die Übermittlung von IKT bezogenen Vorfallsmeldungen,Anleitung für die Übermittlung von IKT bezogenen Vorfallsmeldungen unter Nutzung von Dateiupload bzw. SOAP Webservice (MVP-Portal)
Eurex Repo GmbH,Anordnung Sanktionen BAnz AT 31.03.2026 B9,Anordnung von Beschränkungen des Kapital- und Zahlungsverkehrs mit bestimmten Personen oder Personengesellschaften BAnz AT 31.03.2026 B9 (Bundesministerium für Wirtschaft und Energie)
Eurex Repo GmbH,BCBS 450,BCBS 450 - Stress testing principles
Eurex Repo GmbH,BDSG,Bundesdatenschutzgesetz (BDSG)
Eurex Repo GmbH,BSI-Gesetz,Gesetz über das Bundesamt für Sicherheit in der Informationstechnik (BSI-Gesetz – BSIG)
Eurex Repo GmbH,BSI-KritisV,Verordnung zur Bestimmung Kritischer Infrastrukturen nach dem BSI-Gesetz
Eurex Repo GmbH,BaFin / FIU Orientierungshilfe zum Verdachtsmeldewesen,Gemeinsame Orientierungshilfe der BaFin und der FIU zu den Begriffen „Unverzüglichkeit“ und „Vollständigkeit“ einer Verdachtsmeldung nach § 43 GwG
Eurex Repo GmbH,BaFin Aufsichtsmitteilung Ordnungsgemäßer Geschäftsbetrieb bei Marktturbulenzen,BaFin Aufsichtsmitteilung Ordnungsgemäßer Geschäftsbetrieb bei Marktturbulenzen (BaFin konkretisiert ihre Erwartungen an die zu treffenden Vorkehrungen für zeitkritische Aktivitäten und Prozesse am Kapitalmarkt)
Eurex Repo GmbH,BaFin Aufsichtsmitteilung zu Auslagerungen an Cloud-Anbieter,BaFin Aufsichtsmitteilung zu Auslagerungen an Cloud-Anbieter
Eurex Repo GmbH,BaFin Auslegungs- und Anwendungshinweise zum Geldwäschegesetz (AT),BaFin Auslegungs- und Anwendungshinweise zum Geldwäschegesetz (Allgemeiner Teil)
Eurex Repo GmbH,BaFin Auslegungs- und Anwendungshinweise zum Geldwäschegesetz (BT Kreditinstitute),BaFin Auslegungs- und Anwendungshinweise zum Geldwäschegesetz (Besonderer Teil für Kreditinstitute)
Eurex Repo GmbH,BaFin Circular 03/2026 (GW) (High risk countries),"Rundschreiben 03/2026 (GW) betreffend Drittstaaten, die in ihren Systemen zur Bekämpfung von Geldwäsche und Terrorismusfinanzierung strategische Mängel aufweisen, die wesentliche Risiken für das internationale Finanzsystem darstellen (Hochrisiko-Staaten)"
Eurex Repo GmbH,BaFin Circular 04/2024 (GW) (High risk countries),"BaFin Rundschreiben 04/2024 (GW) betreffend Drittstaaten, die in ihren Systemen zur Bekämpfung von Geldwäsche und Terrorismusfinanzierung strategische Mängel aufweisen, die wesentliche Risiken für das internationale Finanzsystem darstellen (Hochrisiko-Staaten)"
Eurex Repo GmbH,BaFin Circular 07/2025 (GW) (High risk countries),"BaFin Rundschreiben 07/2025 (GW) betreffend Drittstaaten, die in ihren Systemen zur Bekämpfung von Geldwäsche und Terrorismusfinanzierung strategische Mängel aufweisen, die wesentliche Risiken für das internationale Finanzsystem darstellen (Hochrisiko-Staaten)"
Eurex Repo GmbH,BaFin Circular 08/2024 (GW) (High risk countries),"BaFin Rundschreiben 08/2024 (GW) betreffend Drittstaaten, die in ihren Systemen zur Bekämpfung von Geldwäsche und Terrorismusfinanzierung strategische Mängel aufweisen, die wesentliche Risiken für das internationale Finanzsystem darstellen (Hochrisiko-Staaten)."
Eurex Repo GmbH,BaFin Circular 08/2025 (GW) (High risk countries),"BaFin Rundschreiben 08/2025 (GW) betreffend Drittstaaten, die in ihren Systemen zur Bekämpfung von Geldwäsche und Terrorismusfinanzierung strategische Mängel aufweisen, die wesentliche Risiken für das internationale Finanzsystem darstellen (Hochrisiko-Staaten)"
Eurex Repo GmbH,BaFin Circular 10/2017 (BA) (BAIT),BaFin Rundschreiben 10/2017 (BA) Fassung vom 16.12.2024 - Bankaufsichtliche Anforderungen an die IT (BAIT)
Eurex Repo GmbH,BaFin Circular 10/2024 (GW) (High risk countries),"BaFin Rundschreiben 10/2024 (GW) betreffend Drittstaaten, die in ihren Systemen zur Bekämpfung von Geldwäsche und Terrorismusfinanzierung strategische Mängel aufweisen, die wesentliche Risiken für das internationale Finanzsystem darstellen (Hochrisiko-Staaten)."
Eurex Repo GmbH,BaFin Circular 13/2025 (GW) (High risk countries),"Rundschreiben 13/2025 (GW) betreffend Drittstaaten, die in ihren Systemen zur Bekämpfung von Geldwäsche und Terrorismusfinanzierung strategische Mängel aufweisen, die wesentliche Risiken für das internationale Finanzsystem darstellen (Hochrisiko-Staaten)"
Eurex Repo GmbH,"BaFin Management, classification and reporting of ICT-related incidents","BaFin Management, classification and reporting of ICT-related incidents (BaFin information on Chapter III, Articles 17 to 23 of DORA)"
Eurex Repo GmbH,BaFin Merkblatt - Tatbestand des Betriebs eines multilateralen Handelssystems,BaFin Merkblatt - Tatbestand des Betriebs eines multilateralen Handelssystems
Eurex Repo GmbH,BaFin Merkblatt zum Umgang mit Nachhaltigkeitsrisken,BaFin Merkblatt zum Umgang mit Nachhaltigkeitsrisken
Eurex Repo GmbH,BaFin Merk­blatt 01/2024 (WA),BaFin Merk­blatt 01/2024 (WA) zur Mindestzahl der Geschäftsleiterinnen und Geschäftsleiter nach dem Wertpapierinstitutsgesetz (WpIG)
Eurex Repo GmbH,BaFin Rundschreiben 06/2026 (BA) (MaRisk),BaFin Rundschreiben 06/2026 (BA) - Mindestanforderungen an das Risikomanagement (MaRisk)
Eurex Repo GmbH,BaFin Rundschreiben 3/2017 (GW) VideoIdent,BaFin Rundschreiben 3/2017 (GW) - Videoidentifizierungsverfahren
Eurex Repo GmbH,BaFin Umsetzungshinweise DORA,BaFin Aufsichtsmitteilung Hinweise zur Umsetzung von DORA im IKT-Risikomanagement und IKT-Drittparteienrisikomanagement
Eurex Repo GmbH,Bundesbank Informationsblatt für das ExtraNet-Postfach,Bundesbank Informationsblatt für das ExtraNet-Postfach „Einreichen von Prüfungsberichten“ im Fachverfahren „Einreichung Wirtschaftsprüfer (EWP)“
Eurex Repo GmbH,CEBS Guidelines,Second part of CEBS's technical advice to the European Commission on Liquidity Risk Management (CEBS)
Eurex Repo GmbH,COM/2019/370,REPORT FROM THE COMMISSION TO THE EUROPEAN PARLIAMENT AND THE COUNCIL on the assessment of the risk of money laundering and terrorist financing affecting the internal market and relating to cross-border activities (22.10.2022)
Eurex Repo GmbH,Cyber resilience oversight expectations for financial market infrastructures (ECB December 2018) Advancing Level (BuBa),Cyber resilience oversight expectations for financial market infrastructures (ECB December 2018) Advancing Level (BuBa)
Eurex Repo GmbH,EBA Reporting Framework,EBA Reporting Framework (Last version)
Eurex Repo GmbH,EBA/GL/2017/05,EBA/GL/2017/05 - Final Report Guidelines on ICT Risk Assessment under the SREP
Eurex Repo GmbH,EBA/GL/2017/12,Joint ESMA and EBA Guidelines on the assessment of suitability of members of the management body and key function holders (EBA-GL-2017-12) and Art. 27 of the Regulation No 909/2014 (EU) dated 23 July 2014 (“CSDR”)
Eurex Repo GmbH,EBA/GL/2021/06,Final Report joint ESMA and EBA Guidelines on the assessment of the suitability of members of the management body and key function holders under Directive 2013/36/EU and Directive 2014/65/EU
Eurex Repo GmbH,EBA/GL/2022/07,EBA/GL/2022/07 Final report on Guidelines on the benchmarking exercises on remuneration practices and the gender pay gap under Directive (EU) 2019/2034
Eurex Repo GmbH,EBA/GL/2022/08,EBA/GL/2022/08 Final report on Guidelines on the data collection exercises regarding high earners under Directive 2013/36/EU and under Directive (EU) 2019/2034
Eurex Repo GmbH,EBA/GL/2022/15,EBA/GL/2022/15 - Guidelines on the use of Remote Customer Onboarding Solutions under Article 13(1) of Directive (EU) 2015/849
Eurex Repo GmbH,EBA/GL/2023/03,EBA Guidelines amending Guidelines on customer due diligence and the factors credit and financial institutions should consider when assessing the money laundering and terrorist financing risk associated with individual business relationships and occasional transactions (‘The ML/TF Risk Factors Guidelines’) under Articles 17 and 18(4) of Directive (EU) 2015/849
Eurex Repo GmbH,EBA/GL/2023/08,"Guidelines on benchmarking of diversity practices, including diversity policies and gender pay gap, under Directive 2013/36/EU and Directive (EU) 2019/2034"
Eurex Repo GmbH,EBA/GL/2024/04,EBA/GL/2024/04 - Guidelines on resubmission of historical data under the EBA reporting framework
Eurex Repo GmbH,EBA/GL/2026/06,Guidelines (revised) on common procedures and methodologies for the supervisory review and evaluation process (SREP) and supervisory stress testing under Directive 2013/36/EU
Eurex Repo GmbH,EBA/RTS/2021/02,EBA/RTS/2021/02 on criteria to identify categories of staff whose professional activities have a material impact on an investment firm's risk profile or assets it manages under Directive (EU) 2019/2034 (IFD) of the European Parliament and of the Council on the prudential supervision of investment firms
Eurex Repo GmbH,ESMA35-36-1952,ESMA35-36-1952 Guidelines on certain aspects of the MiFID II compliance function
Eurex Repo GmbH,ESMA35-43-3565,ESMA35-43-3565 - ESMA Guidelines On certain aspects of the MIFID II remuneration requirements
Eurex Repo GmbH,EdWBeitrV,Verordnung über die Beiträge zu der Entschädigungseinrichtung der Wertpapierhandelsunternehmen bei der Kreditanstalt für Wiederaufbau (EdW-Beitragsverordnung - EdWBeitrV)
Eurex Repo GmbH,Erste Nationale Risikoanalyse 2018/2019,Erste Nationale Risikoanalyse 2018/2019
Eurex Repo GmbH,FATF Recommendations,The FATF Recommendations
Eurex Repo GmbH,FCPA,Foreign Corrupt Practices Act - FCPA
Eurex Repo GmbH,Fachgremium OpRisk,Fachgremium OpR - Empfehlung zur Bestimmung des relevanten Indikators
Eurex Repo GmbH,FinaRisikoV,Finanz- und Risikotragfähigkeitsinformationenverordnung (FinaRisikoV)
Eurex Repo GmbH,GOBD,"Grundsätze zur ordnungsmäßigen Führung und Aufbewahrung von Büchern, Aufzeichnungen und Unterlagen in elektronischer Form sowie zum Datenzugriff (GoBD), Schreiben des BMF vom 28.11.2019"
Eurex Repo GmbH,GeschGehG,Gesetz zum Schutz von Geschäftsgeheimnissen (GeschGehG)
Eurex Repo GmbH,Guidance on cyber resilience for financial market infrastructures,Guidance on cyber resilience for financial market infrastructures
Eurex Repo GmbH,Guidance on operational risk issued by the Basel Committee,Guidance on operational risk issued by the Basel Committee
Eurex Repo GmbH,Guidelines on Liquidity Cost Benefit Allocation,Guidelines on Liquidity Cost Benefit Allocation (CEBS)
Eurex Repo GmbH,GwG,Gesetz über das Aufspüren von Gewinnen aus schweren Straftaten
Eurex Repo GmbH,GwG-Meldeverordnung,Verordnung über die Form von und die erforderlichen Angaben in Meldungen an die Zentralstelle für Finanztransaktionsuntersuchungen nach § 43 Absatz 1 und § 44 des Geldwäschegesetzes (GwG-Meldeverordnung – GwGMeldV)
Eurex Repo GmbH,HGB,Handelsgesetzbuch
Eurex Repo GmbH,HinSchG,Gesetz für einen besseren Schutz hinweisgebender Personen
Eurex Repo GmbH,ICAAP,ECB Guide to the internal capital adequacy assessment process (ICAAP) of November 2018
Eurex Repo GmbH,ITSiG,IT-Sicherheitsgesetz 2.0 vom 18.Mai 2021
Eurex Repo GmbH,JC/GL/2024/34 GL on major ICT-related incidents under DORA,Joint Guidelines on estimation of aggregated annual costs and losses caused by major ICT-related incidents under Regulation (EU) 2022/2554 (DORA) (EBA/ESMA/EOPA) (JC/GL/2024/34)
Eurex Repo GmbH,KWG,Gesetz über das Kreditwesen
Eurex Repo GmbH,Leitfaden zur Erstellung der Eigenmittel- und Liquiditätsmeldung nach Art. 54 IFR - IFRKL - Meldungen für Kleine Wertpapierinstitute,Leitfaden zur Erstellung der Eigenmittel- und Liquiditätsmeldung nach Art. 54 IFR - IFRKL - Meldungen für Kleine Wertpapierinstitute
Eurex Repo GmbH,Merkblatt zur Einhaltung von Finanzsanktionen,Merkblatt zur Einhaltung von Finansanktionen
Eurex Repo GmbH,PEP List,"Prominent public functions at national level, at the level of International Organisations and at the level of the European Union Institutions and Bodies (C/2023/724)"
Eurex Repo GmbH,PFMI,CPSS-IOSCO -Principles for financial market infrastructures (PFMI)
Eurex Repo GmbH,RechKredV,Kreditinstituts-Rechnungslegungsverordnung (RechKredV)
Eurex Repo GmbH,SAG,Gesetz zur Sanierung und Abwicklung von Instituten und Finanzgruppen (Sanierungs- und Abwicklungsgesetz - SAG)
Eurex Repo GmbH,SNRA,Supranational Risk Assessment
Eurex Repo GmbH,StGB,Strafgesetzbuch
Eurex Repo GmbH,Subnationale Risikoanalyse 2021/2022 (SRA 3.0),Subnationale Risikoanalyse 2021/2022 (SRA 3.0)
Eurex Repo GmbH,UK Bribery Act,UK Bribery Act
Eurex Repo GmbH,WpDVerOV,Wertpapierdienstleistungs-Verhaltens- und –Organisationsverordnung (WpDVerOV)
Eurex Repo GmbH,WpHG,Gesetz über den Wertpapierhandel
Eurex Repo GmbH,WpI-AnzV,Wertpapierinstituts-Anzeigenverordnung – WpI-AnzV
Eurex Repo GmbH,WpI-IKV,Wertpapierinstituts-Inhaberkontrollverordnung – WpI-IKV
Eurex Repo GmbH,WpIG,Gesetz zur Beaufsichtigung von Wertpapierinstituten
Eurex Repo GmbH,WpIPrüfbV,Verordnung über die Prüfung der Jahresabschlüsse der Wertpapierinstitute sowie über die zu erstellenden Berichte
Eurex Repo GmbH,WpIVergV,Wertpapierinstituts-Vergütungsverordnung
